-- MySQL dump 10.13  Distrib 8.0.30, for Win64 (x86_64)
--
-- Host: localhost    Database: concrete_database
-- ------------------------------------------------------
-- Server version	8.0.30

/*!40101 SET @OLD_CHARACTER_SET_CLIENT=@@CHARACTER_SET_CLIENT */;
/*!40101 SET @OLD_CHARACTER_SET_RESULTS=@@CHARACTER_SET_RESULTS */;
/*!40101 SET @OLD_COLLATION_CONNECTION=@@COLLATION_CONNECTION */;
/*!50503 SET NAMES utf8mb4 */;
/*!40103 SET @OLD_TIME_ZONE=@@TIME_ZONE */;
/*!40103 SET TIME_ZONE='+00:00' */;
/*!40014 SET @OLD_UNIQUE_CHECKS=@@UNIQUE_CHECKS, UNIQUE_CHECKS=0 */;
/*!40014 SET @OLD_FOREIGN_KEY_CHECKS=@@FOREIGN_KEY_CHECKS, FOREIGN_KEY_CHECKS=0 */;
/*!40101 SET @OLD_SQL_MODE=@@SQL_MODE, SQL_MODE='NO_AUTO_VALUE_ON_ZERO' */;
/*!40111 SET @OLD_SQL_NOTES=@@SQL_NOTES, SQL_NOTES=0 */;

--
-- Table structure for table `auction_prices`
--

DROP TABLE IF EXISTS `auction_prices`;
/*!40101 SET @saved_cs_client     = @@character_set_client */;
/*!50503 SET character_set_client = utf8mb4 */;
CREATE TABLE `auction_prices` (
  `id` int NOT NULL AUTO_INCREMENT,
  `proposal_price` decimal(10,2) NOT NULL,
  `status` enum('active','won','outbid','cancelled') DEFAULT 'active',
  `synthetiserId` int NOT NULL,
  `userId` int DEFAULT NULL,
  `createdAt` datetime NOT NULL,
  `updatedAt` datetime NOT NULL,
  PRIMARY KEY (`id`),
  KEY `synthetiserId` (`synthetiserId`),
  KEY `userId` (`userId`),
  CONSTRAINT `auction_prices_ibfk_88` FOREIGN KEY (`synthetiserId`) REFERENCES `synthetisers` (`id`) ON DELETE CASCADE ON UPDATE CASCADE,
  CONSTRAINT `auction_prices_ibfk_89` FOREIGN KEY (`userId`) REFERENCES `users` (`id`) ON DELETE SET NULL ON UPDATE CASCADE
) ENGINE=InnoDB AUTO_INCREMENT=43 DEFAULT CHARSET=utf8mb4 COLLATE=utf8mb4_0900_ai_ci;
/*!40101 SET character_set_client = @saved_cs_client */;

--
-- Dumping data for table `auction_prices`
--

LOCK TABLES `auction_prices` WRITE;
/*!40000 ALTER TABLE `auction_prices` DISABLE KEYS */;
INSERT INTO `auction_prices` VALUES (40,202.00,'active',384,18,'2025-01-11 17:46:03','2025-01-11 17:46:03');
/*!40000 ALTER TABLE `auction_prices` ENABLE KEYS */;
UNLOCK TABLES;

--
-- Table structure for table `permissions`
--

DROP TABLE IF EXISTS `permissions`;
/*!40101 SET @saved_cs_client     = @@character_set_client */;
/*!50503 SET character_set_client = utf8mb4 */;
CREATE TABLE `permissions` (
  `id` int NOT NULL AUTO_INCREMENT,
  `name` varchar(255) NOT NULL DEFAULT 'default_permission_name',
  `description` varchar(255) DEFAULT NULL,
  `createdAt` datetime NOT NULL,
  `updatedAt` datetime NOT NULL,
  PRIMARY KEY (`id`)
) ENGINE=InnoDB AUTO_INCREMENT=24 DEFAULT CHARSET=utf8mb4 COLLATE=utf8mb4_0900_ai_ci;
/*!40101 SET character_set_client = @saved_cs_client */;

--
-- Dumping data for table `permissions`
--

LOCK TABLES `permissions` WRITE;
/*!40000 ALTER TABLE `permissions` DISABLE KEYS */;
INSERT INTO `permissions` VALUES (1,'users:read','Voir les utilisateurs','2024-12-17 21:25:15','2024-12-17 21:25:15'),(2,'users:create','Créer des utilisateurs','2024-12-17 21:25:15','2024-12-17 21:25:15'),(3,'users:update','Modifier les utilisateurs','2024-12-17 21:25:15','2024-12-17 21:25:15'),(4,'users:delete','Supprimer des utilisateurs','2024-12-17 21:25:15','2024-12-17 21:25:15'),(5,'posts:read','Voir les posts','2024-12-17 21:25:15','2024-12-17 21:25:15'),(6,'posts:create','Créer des posts','2024-12-17 21:25:15','2024-12-17 21:25:15'),(7,'posts:update','Modifier les posts','2024-12-17 21:25:15','2024-12-17 21:25:15'),(8,'posts:delete','Supprimer des posts','2024-12-17 21:25:15','2024-12-17 21:25:15'),(9,'synths:read','Voir les synthétiseurs','2024-12-17 21:25:15','2024-12-17 21:25:15'),(10,'synths:create','Créer des synthétiseurs','2024-12-17 21:25:15','2024-12-17 21:25:15'),(11,'synths:update','Modifier les synthétiseurs','2024-12-17 21:25:15','2024-12-17 21:25:15'),(12,'synths:delete','Supprimer des synthétiseurs','2024-12-17 21:25:15','2024-12-17 21:25:15'),(13,'roles:read','Voir les rôles','2024-12-17 21:25:15','2024-12-17 21:25:15'),(14,'roles:assign','Assigner des rôles','2024-12-17 21:25:15','2024-12-17 21:25:15'),(15,'roles:create','Créer des rôles','2024-12-17 21:25:15','2024-12-17 21:25:15'),(16,'roles:delete','Supprimer des rôles','2024-12-17 21:25:15','2024-12-17 21:25:15'),(17,'admin:access','Accès au panel admin','2024-12-17 21:25:15','2024-12-17 21:25:15'),(18,'admin:full','Accès complet admin','2024-12-17 21:25:15','2024-12-17 21:25:15'),(19,'create_post',NULL,'2025-01-27 16:41:09','2025-01-27 16:41:09'),(20,'edit_post',NULL,'2025-01-27 16:41:09','2025-01-27 16:41:09'),(21,'delete_post',NULL,'2025-01-27 16:41:09','2025-01-27 16:41:09'),(22,'manage_users',NULL,'2025-01-27 16:41:09','2025-01-27 16:41:09'),(23,'manage_roles',NULL,'2025-01-27 16:41:09','2025-01-27 16:41:09');
/*!40000 ALTER TABLE `permissions` ENABLE KEYS */;
UNLOCK TABLES;

--
-- Table structure for table `posts`
--

DROP TABLE IF EXISTS `posts`;
/*!40101 SET @saved_cs_client     = @@character_set_client */;
/*!50503 SET character_set_client = utf8mb4 */;
CREATE TABLE `posts` (
  `id` int NOT NULL AUTO_INCREMENT,
  `commentaire` varchar(255) DEFAULT NULL,
  `titre` varchar(255) DEFAULT NULL,
  `contenu` text,
  `type_contenu` enum('texte','video','audio','lien') DEFAULT NULL,
  `url_contenu` varchar(255) DEFAULT NULL,
  `format` varchar(255) DEFAULT NULL,
  `statut` enum('brouillon','publié','archivé') DEFAULT 'brouillon',
  `createdAt` datetime NOT NULL,
  `updatedAt` datetime NOT NULL,
  `userId` int DEFAULT NULL,
  `synthetiserId` int DEFAULT NULL,
  PRIMARY KEY (`id`),
  KEY `userId` (`userId`),
  KEY `synthetiserId` (`synthetiserId`),
  CONSTRAINT `posts_ibfk_74` FOREIGN KEY (`userId`) REFERENCES `users` (`id`) ON DELETE CASCADE ON UPDATE CASCADE,
  CONSTRAINT `posts_ibfk_75` FOREIGN KEY (`synthetiserId`) REFERENCES `synthetisers` (`id`) ON DELETE CASCADE ON UPDATE CASCADE
) ENGINE=InnoDB AUTO_INCREMENT=24 DEFAULT CHARSET=utf8mb4 COLLATE=utf8mb4_0900_ai_ci;
/*!40101 SET character_set_client = @saved_cs_client */;

--
-- Dumping data for table `posts`
--

LOCK TABLES `posts` WRITE;
/*!40000 ALTER TABLE `posts` DISABLE KEYS */;
INSERT INTO `posts` VALUES (10,'un post','je tente',NULL,'texte',NULL,NULL,'publié','2024-12-28 09:06:24','2024-12-28 09:06:24',18,162),(21,'khkhlhlhlhmhmhhmmi','kawai 4r',NULL,'texte',NULL,NULL,'publié','2025-01-17 09:27:03','2025-01-17 09:27:03',33,384),(22,'vraiment le meilleur','vraiment le meilleur',NULL,'texte',NULL,NULL,'publié','2025-01-18 08:36:59','2025-01-18 08:36:59',33,384),(23,'kawai 53000w commentaire','kawai 53000w commentaire',NULL,'texte',NULL,NULL,'publié','2025-01-19 11:04:02','2025-01-19 11:04:02',33,377);
/*!40000 ALTER TABLE `posts` ENABLE KEYS */;
UNLOCK TABLES;

--
-- Table structure for table `profiles`
--

DROP TABLE IF EXISTS `profiles`;
/*!40101 SET @saved_cs_client     = @@character_set_client */;
/*!50503 SET character_set_client = utf8mb4 */;
CREATE TABLE `profiles` (
  `id` int NOT NULL AUTO_INCREMENT,
  `bio` text,
  `location` varchar(255) DEFAULT NULL,
  `birthDate` datetime DEFAULT NULL,
  `avatarUrl` varchar(255) DEFAULT NULL,
  `createdAt` datetime NOT NULL,
  `updatedAt` datetime NOT NULL,
  `userId` int DEFAULT NULL,
  PRIMARY KEY (`id`),
  KEY `userId` (`userId`),
  CONSTRAINT `profiles_ibfk_1` FOREIGN KEY (`userId`) REFERENCES `users` (`id`) ON DELETE SET NULL ON UPDATE CASCADE
) ENGINE=InnoDB DEFAULT CHARSET=utf8mb4 COLLATE=utf8mb4_0900_ai_ci;
/*!40101 SET character_set_client = @saved_cs_client */;

--
-- Dumping data for table `profiles`
--

LOCK TABLES `profiles` WRITE;
/*!40000 ALTER TABLE `profiles` DISABLE KEYS */;
/*!40000 ALTER TABLE `profiles` ENABLE KEYS */;
UNLOCK TABLES;

--
-- Temporary view structure for view `role et permission`
--

DROP TABLE IF EXISTS `role et permission`;
/*!50001 DROP VIEW IF EXISTS `role et permission`*/;
SET @saved_cs_client     = @@character_set_client;
/*!50503 SET character_set_client = utf8mb4 */;
/*!50001 CREATE VIEW `role et permission` AS SELECT 
 1 AS `role_name`,
 1 AS `permissions`*/;
SET character_set_client = @saved_cs_client;

--
-- Table structure for table `rolepermission`
--

DROP TABLE IF EXISTS `rolepermission`;
/*!40101 SET @saved_cs_client     = @@character_set_client */;
/*!50503 SET character_set_client = utf8mb4 */;
CREATE TABLE `rolepermission` (
  `createdAt` datetime NOT NULL,
  `updatedAt` datetime NOT NULL,
  `roleId` int NOT NULL,
  `permissionId` int NOT NULL,
  PRIMARY KEY (`roleId`,`permissionId`),
  KEY `permissionId` (`permissionId`),
  CONSTRAINT `rolepermission_ibfk_1` FOREIGN KEY (`roleId`) REFERENCES `roles` (`id`) ON DELETE CASCADE ON UPDATE CASCADE,
  CONSTRAINT `rolepermission_ibfk_2` FOREIGN KEY (`permissionId`) REFERENCES `permissions` (`id`) ON DELETE CASCADE ON UPDATE CASCADE
) ENGINE=InnoDB DEFAULT CHARSET=utf8mb4 COLLATE=utf8mb4_0900_ai_ci;
/*!40101 SET character_set_client = @saved_cs_client */;

--
-- Dumping data for table `rolepermission`
--

LOCK TABLES `rolepermission` WRITE;
/*!40000 ALTER TABLE `rolepermission` DISABLE KEYS */;
INSERT INTO `rolepermission` VALUES ('2024-12-17 21:29:04','2024-12-17 21:29:04',1,1),('2024-12-17 21:29:04','2024-12-17 21:29:04',1,9),('2024-12-17 21:29:04','2024-12-17 21:29:04',2,1),('2024-12-17 21:29:04','2024-12-17 21:29:04',2,2),('2024-12-17 21:29:04','2024-12-17 21:29:04',2,3),('2024-12-17 21:29:04','2024-12-17 21:29:04',2,4),('2024-12-17 21:29:04','2024-12-17 21:29:04',2,9),('2024-12-17 21:29:04','2024-12-17 21:29:04',2,10),('2024-12-17 21:29:04','2024-12-17 21:29:04',2,11),('2024-12-17 21:29:04','2024-12-17 21:29:04',2,12),('2024-12-17 21:29:04','2024-12-17 21:29:04',3,1),('2024-12-17 21:29:04','2024-12-17 21:29:04',3,3),('2024-12-17 21:29:04','2024-12-17 21:29:04',3,9),('2024-12-17 21:29:04','2024-12-17 21:29:04',3,10),('2024-12-17 21:29:04','2024-12-17 21:29:04',4,9),('2024-12-17 21:29:04','2024-12-17 21:29:04',4,10),('2024-12-17 21:29:04','2024-12-17 21:29:04',4,11),('2025-01-21 08:52:10','2025-01-21 08:52:10',5,1),('2025-01-21 08:52:10','2025-01-21 08:52:10',5,2),('2025-01-21 08:52:10','2025-01-21 08:52:10',5,3),('2025-01-21 08:52:10','2025-01-21 08:52:10',5,4),('2025-01-21 08:52:10','2025-01-21 08:52:10',5,9),('2025-01-21 08:52:10','2025-01-21 08:52:10',5,10),('2025-01-21 08:52:10','2025-01-21 08:52:10',5,11);
/*!40000 ALTER TABLE `rolepermission` ENABLE KEYS */;
UNLOCK TABLES;

--
-- Table structure for table `rolepermissions`
--

DROP TABLE IF EXISTS `rolepermissions`;
/*!40101 SET @saved_cs_client     = @@character_set_client */;
/*!50503 SET character_set_client = utf8mb4 */;
CREATE TABLE `rolepermissions` (
  `createdAt` datetime NOT NULL,
  `updatedAt` datetime NOT NULL,
  `RoleId` int NOT NULL,
  `PermissionId` int NOT NULL,
  PRIMARY KEY (`RoleId`,`PermissionId`),
  KEY `PermissionId` (`PermissionId`),
  CONSTRAINT `rolepermissions_ibfk_1` FOREIGN KEY (`RoleId`) REFERENCES `roles` (`id`) ON DELETE CASCADE ON UPDATE CASCADE,
  CONSTRAINT `rolepermissions_ibfk_2` FOREIGN KEY (`PermissionId`) REFERENCES `permissions` (`id`) ON DELETE CASCADE ON UPDATE CASCADE
) ENGINE=InnoDB DEFAULT CHARSET=utf8mb4 COLLATE=utf8mb4_0900_ai_ci;
/*!40101 SET character_set_client = @saved_cs_client */;

--
-- Dumping data for table `rolepermissions`
--

LOCK TABLES `rolepermissions` WRITE;
/*!40000 ALTER TABLE `rolepermissions` DISABLE KEYS */;
INSERT INTO `rolepermissions` VALUES ('2025-01-27 16:41:09','2025-01-27 16:41:09',1,1),('2025-01-27 16:41:09','2025-01-27 16:41:09',1,9),('2025-01-27 16:41:09','2025-01-27 16:41:09',2,1),('2025-01-27 16:41:09','2025-01-27 16:41:09',2,2),('2025-01-27 16:41:09','2025-01-27 16:41:09',2,3),('2025-01-27 16:41:09','2025-01-27 16:41:09',2,4),('2025-01-27 16:41:09','2025-01-27 16:41:09',2,9),('2025-01-27 16:41:09','2025-01-27 16:41:09',2,10),('2025-01-27 16:41:09','2025-01-27 16:41:09',2,11),('2025-01-27 16:41:09','2025-01-27 16:41:09',2,12),('2025-01-27 16:41:09','2025-01-27 16:41:09',3,1),('2025-01-27 16:41:09','2025-01-27 16:41:09',3,3),('2025-01-27 16:41:09','2025-01-27 16:41:09',3,9),('2025-01-27 16:41:09','2025-01-27 16:41:09',3,10),('2025-01-27 16:41:09','2025-01-27 16:41:09',4,9),('2025-01-27 16:41:09','2025-01-27 16:41:09',4,10),('2025-01-27 16:41:09','2025-01-27 16:41:09',4,11),('2025-01-27 16:41:09','2025-01-27 16:41:09',5,1),('2025-01-27 16:41:09','2025-01-27 16:41:09',5,2),('2025-01-27 16:41:09','2025-01-27 16:41:09',5,3),('2025-01-27 16:41:09','2025-01-27 16:41:09',5,4),('2025-01-27 16:41:09','2025-01-27 16:41:09',5,9),('2025-01-27 16:41:09','2025-01-27 16:41:09',5,10),('2025-01-27 16:41:09','2025-01-27 16:41:09',5,11);
/*!40000 ALTER TABLE `rolepermissions` ENABLE KEYS */;
UNLOCK TABLES;

--
-- Table structure for table `roles`
--

DROP TABLE IF EXISTS `roles`;
/*!40101 SET @saved_cs_client     = @@character_set_client */;
/*!50503 SET character_set_client = utf8mb4 */;
CREATE TABLE `roles` (
  `id` int NOT NULL AUTO_INCREMENT,
  `name` varchar(255) NOT NULL,
  `description` text NOT NULL,
  `permission` json DEFAULT NULL,
  `createdAt` datetime NOT NULL,
  `updatedAt` datetime NOT NULL,
  PRIMARY KEY (`id`),
  UNIQUE KEY `unique_role_name` (`name`)
) ENGINE=InnoDB AUTO_INCREMENT=7 DEFAULT CHARSET=utf8mb4 COLLATE=utf8mb4_0900_ai_ci;
/*!40101 SET character_set_client = @saved_cs_client */;

--
-- Dumping data for table `roles`
--

LOCK TABLES `roles` WRITE;
/*!40000 ALTER TABLE `roles` DISABLE KEYS */;
INSERT INTO `roles` VALUES (1,'user','Utilisateur standard','{}','2024-12-17 21:26:29','2024-12-17 21:26:29'),(2,'admin','Administrateur avec tous les droits','{}','2024-12-17 21:26:29','2024-12-17 21:26:29'),(3,'moderator','Modérateur avec des droits étendus','{}','2024-12-17 21:26:29','2024-12-17 21:26:29'),(4,'creator','Créateur','{}','2024-12-17 21:26:29','2024-12-17 21:26:29'),(5,'owner_instr','Propriétaire','{}','2024-12-17 21:26:29','2024-12-17 21:26:29');
/*!40000 ALTER TABLE `roles` ENABLE KEYS */;
UNLOCK TABLES;

--
-- Table structure for table `sequelizemeta`
--

DROP TABLE IF EXISTS `sequelizemeta`;
/*!40101 SET @saved_cs_client     = @@character_set_client */;
/*!50503 SET character_set_client = utf8mb4 */;
CREATE TABLE `sequelizemeta` (
  `name` varchar(255) COLLATE utf8mb3_unicode_ci NOT NULL,
  PRIMARY KEY (`name`),
  UNIQUE KEY `name` (`name`)
) ENGINE=InnoDB DEFAULT CHARSET=utf8mb3 COLLATE=utf8mb3_unicode_ci;
/*!40101 SET character_set_client = @saved_cs_client */;

--
-- Dumping data for table `sequelizemeta`
--

LOCK TABLES `sequelizemeta` WRITE;
/*!40000 ALTER TABLE `sequelizemeta` DISABLE KEYS */;
INSERT INTO `sequelizemeta` VALUES ('20241215161303-init.cjs'),('20241215162639-import-kawai-korg-roland.cjs'),('20241215171651-create-synthetisers-table.cjs'),('20241215171724-create-users-table.cjs'),('20241215171811-create-profile-table.cjs'),('20241215172121-create-post-table.cjs'),('20241215184110-create-roles-table.cjs'),('20241215185108-create-useroles-table.cjs'),('20241215192051-create-synthetisers-table.cjs'),('20241215194338-import-kawai-korg-roland.cjs'),('20241216025205-add-mail-column.cjs'),('20241220195611-create-auctionPrice-table.cjs'),('20241220221151-modify-auction-prices.cjs'),('20241220225737-modify-synthetiser.cjs'),('20241220233346-modify-synthetisers-2.cjs'),('20241220233804-modify-synthetiser-2.cjs'),('20241229195930-change-type-column-price-synthetiser.cjs'),('20241229201234-update-synthetisers-table.cjs');
/*!40000 ALTER TABLE `sequelizemeta` ENABLE KEYS */;
UNLOCK TABLES;

--
-- Table structure for table `synthetisers`
--

DROP TABLE IF EXISTS `synthetisers`;
/*!40101 SET @saved_cs_client     = @@character_set_client */;
/*!50503 SET character_set_client = utf8mb4 */;
CREATE TABLE `synthetisers` (
  `id` int NOT NULL AUTO_INCREMENT,
  `marque` varchar(255) NOT NULL,
  `modele` varchar(255) NOT NULL,
  `specifications` text,
  `image_url` varchar(255) DEFAULT NULL,
  `note` varchar(255) DEFAULT NULL,
  `nb_avis` varchar(255) DEFAULT NULL,
  `createdAt` datetime NOT NULL,
  `updatedAt` datetime NOT NULL,
  `postId` int DEFAULT NULL,
  `userId` int DEFAULT NULL,
  `auctionPriceId` int DEFAULT NULL,
  `price` text,
  PRIMARY KEY (`id`),
  KEY `postId` (`postId`),
  KEY `userId` (`userId`),
  KEY `auctionPriceId` (`auctionPriceId`),
  CONSTRAINT `synthetisers_ibfk_131` FOREIGN KEY (`postId`) REFERENCES `posts` (`id`),
  CONSTRAINT `synthetisers_ibfk_132` FOREIGN KEY (`userId`) REFERENCES `users` (`id`) ON DELETE SET NULL ON UPDATE CASCADE,
  CONSTRAINT `synthetisers_ibfk_133` FOREIGN KEY (`auctionPriceId`) REFERENCES `auction_prices` (`id`)
) ENGINE=InnoDB AUTO_INCREMENT=407 DEFAULT CHARSET=utf8mb4 COLLATE=utf8mb4_0900_ai_ci;
/*!40101 SET character_set_client = @saved_cs_client */;

--
-- Dumping data for table `synthetisers`
--

LOCK TABLES `synthetisers` WRITE;
/*!40000 ALTER TABLE `synthetisers` DISABLE KEYS */;
INSERT INTO `synthetisers` VALUES (1,'Korg','Drumlogue','2022 • Desktop • Analogique, Numérique • 2 oscillateurs • 2 enveloppes • 1 filtre • 1 lfo • 11 voix de polyphonie • Synthèse: ROM, Echantillonnage','https://synthetiseur.net/images/pt/korg-drumlogue.jpg','80%','1 avis','2024-12-17 21:48:06','2025-01-12 18:29:52',NULL,NULL,NULL,'{\"value\":50,\"currency\":\"EUR\"}'),(2,'Korg','Wavestate SE','2021 • Clavier • Numérique • 4 oscillateurs • 3 enveloppes • 1 filtre • 3 lfos • 120 voix de polyphonie • Synthèse: Soustractive, Synthèse Vectorielle','https://synthetiseur.net/images/pt/korg-wavestatese_1.jpg','100%','1 avis','2024-12-17 21:48:06','2024-12-17 21:48:06',NULL,NULL,NULL,NULL),(3,'Korg','ARP 2600 M','2021 • Desktop, Clavier • Analogique • 3 oscillateurs • 2 enveloppes • 1 filtre • 1 lfo • 2 voix de polyphonie • Multitimbral 2 parties • Synthèse: Soustractive','https://synthetiseur.net/images/pt/korg-arp2600m_1.jpg','80%','1 avis','2024-12-17 21:48:06','2024-12-17 21:48:06',NULL,NULL,NULL,NULL),(4,'Korg','Modwave','2021 • Clavier • Numérique • 3 oscillateurs • 4 enveloppes • 1 filtre • 5 lfos • 32 voix de polyphonie • Synthèse: Soustractive, Tables d\'Ondes','https://synthetiseur.net/images/pt/korg-modwave_1.jpg','86%','16 avis','2024-12-17 21:48:06','2024-12-17 21:48:06',NULL,NULL,NULL,NULL),(5,'Korg','Minikorg 700FS','2021 • Clavier • Analogique • 2 oscillateurs • 1 enveloppe • 1 filtre • Monophonique • Monotimbral • Synthèse: Soustractive','https://synthetiseur.net/images/pt/korg-minikorg700fs_1.jpg',NULL,NULL,'2024-12-17 21:48:06','2024-12-17 21:48:06',NULL,NULL,NULL,NULL),(6,'Korg','Volca Sample 2','2020 • Desktop • Numérique • 2 oscillateurs • 2 enveloppes • 8 voix de polyphonie • Monotimbral • Synthèse: Echantillonnage','https://synthetiseur.net/images/pt/korg-volcasample2_1.jpg','78%','12 avis','2024-12-17 21:48:06','2024-12-17 21:48:06',NULL,NULL,NULL,NULL),(7,'Korg','i3 (2020)','2020 • Clavier • Numérique • 2 oscillateurs • 64 voix de polyphonie • Synthèse: ROM, Soustractive, Tables d\'Ondes','https://synthetiseur.net/images/pt/korg-i3_2020_1.jpg','92%','5 avis','2024-12-17 21:48:06','2024-12-17 21:48:06',NULL,NULL,NULL,NULL),(8,'Korg','Nautilus 61/73/88','2020 • Clavier • Numérique • 4 oscillateurs • 6 enveloppes • 2 filtres • 2 lfos • 200 voix de polyphonie • Multitimbral 16 parties • Synthèse: 11 types de synthèse','https://synthetiseur.net/images/pt/korg-nautilus_1.jpg','80%','11 avis','2024-12-17 21:48:06','2024-12-17 21:48:06',NULL,NULL,NULL,NULL),(9,'Korg','OpSix','2020 • Clavier • Numérique • 6 oscillateurs • 6 enveloppes • 1 filtre • 3 lfos • 32 voix de polyphonie • Monotimbral • Synthèse: Modulation de Fréquence','https://synthetiseur.net/images/pt/korg-opsix_1.jpg','92%','10 avis','2024-12-17 21:48:06','2024-12-17 21:48:06',NULL,NULL,NULL,NULL),(10,'Korg','Wavestate','2020 • Clavier • Numérique • 4 oscillateurs • 3 enveloppes • 1 filtre • 3 lfos • 64 voix de polyphonie • Synthèse: Soustractive, Synthèse Vectorielle','https://synthetiseur.net/images/pt/korg-wavestate_1.jpg','95%','32 avis','2024-12-17 21:48:06','2024-12-17 21:48:06',NULL,NULL,NULL,NULL),(11,'Korg','ARP 2600 FS','2020 • Desktop, Clavier • Analogique • 3 oscillateurs • 2 enveloppes • 1 filtre • 1 lfo • 2 voix de polyphonie • Multitimbral 2 parties • Synthèse: Soustractive','https://synthetiseur.net/images/pt/korg-arp2600.jpg','100%','2 avis','2024-12-17 21:48:06','2025-01-12 13:19:39',NULL,NULL,NULL,'{\"value\":100,\"currency\":\"EUR\"}'),(12,'Korg','SV-2','2020 • Clavier • Numérique • 1 oscillateur • 128 voix de polyphonie • Multitimbral 2 parties • Synthèse: ROM','https://synthetiseur.net/images/pt/korg-sv2.jpg','97%','13 avis','2024-12-17 21:48:06','2024-12-17 21:48:06',NULL,NULL,NULL,NULL),(13,'Korg','Krome EX 61/73/88','2019 • Clavier • Numérique • 2 oscillateurs • 120 voix de polyphonie • Multitimbral 16 parties • Synthèse: ROM','https://synthetiseur.net/images/pt/korg-kromeex_1.jpg','92%','10 avis','2024-12-17 21:48:06','2024-12-17 21:48:06',NULL,NULL,NULL,NULL),(14,'Korg','NTS-1','2019 • Desktop • Numérique • 1 oscillateur • 1 enveloppe • 1 filtre • 1 lfo • Monophonique • Monotimbral • Synthèse: Soustractive','https://synthetiseur.net/images/pt/korg-nts1_1.jpg','88%','31 avis','2024-12-17 21:48:06','2024-12-17 21:48:06',NULL,NULL,NULL,NULL),(15,'Korg','Volca Modular','2019 • Desktop • Analogique, Numérique • 1 oscillateur • 2 enveloppes • 2 filtres • 1 lfo • Monophonique • Monotimbral • Synthèse: Modulation de Fréquence, Soustractive, Wave Folding','https://synthetiseur.net/images/pt/korg-volcamodular_1.jpg','89%','14 avis','2024-12-17 21:48:06','2024-12-17 21:48:06',NULL,NULL,NULL,NULL),(16,'Korg','Volca Nubass','2019 • Desktop • Analogique • 1 oscillateur • 1 enveloppe • 1 filtre • 1 lfo • Monophonique • Monotimbral','https://synthetiseur.net/images/pt/korg-volcanubass_1.jpg','75%','4 avis','2024-12-17 21:48:06','2024-12-17 21:48:06',NULL,NULL,NULL,NULL),(17,'Korg','Minilogue XD Module','2019 • Desktop • Analogique, Numérique • 3 oscillateurs • 2 enveloppes • 1 filtre • 1 lfo • 4 voix de polyphonie • Monotimbral • Synthèse: Distorsion, Soustractive, Virtuel Analogique','https://synthetiseur.net/images/pt/korg-miniloguexdmodule_1.jpg','94%','7 avis','2024-12-17 21:48:06','2024-12-17 21:48:06',NULL,NULL,NULL,NULL),(18,'Korg','Minilogue XD','2019 • Clavier • Analogique, Numérique • 3 oscillateurs • 2 enveloppes • 1 filtre • 1 lfo • 4 voix de polyphonie • Monotimbral • Synthèse: Distorsion, Soustractive, Virtuel Analogique','https://synthetiseur.net/images/pt/korg-miniloguexd_1.jpg','96%','29 avis','2024-12-17 21:48:06','2024-12-17 21:48:06',NULL,NULL,NULL,NULL),(19,'Korg','KR-55 Pro','2018 • Console (stand alone) • Numérique • 24 voix de polyphonie • Multitimbral 24 parties','https://synthetiseur.net/images/pt/korg-kr55pro_1.jpg','70%','6 avis','2024-12-17 21:48:06','2024-12-17 21:48:06',NULL,NULL,NULL,NULL),(20,'Korg','Prologue 8/16','2018 • Clavier • Analogique, Numérique • 3 oscillateurs • 2 enveloppes • 1 filtre • 1 lfo • 16 voix de polyphonie • Multitimbral 2 parties • Synthèse: Soustractive, Virtuel Analogique','https://synthetiseur.net/images/pt/korg-prologue_1.jpg','93%','3 avis','2024-12-17 21:48:06','2024-12-17 21:48:06',NULL,NULL,NULL,NULL),(21,'Korg','ARP Odyssey Module Rev 3','2017 • Desktop • Analogique • 2 oscillateurs • 2 enveloppes • 1 filtre • 1 lfo • 2 voix de polyphonie • Monotimbral • Synthèse: Soustractive','https://synthetiseur.net/images/pt/korg-arpodysseymodule3_1.jpg','100%','3 avis','2024-12-17 21:48:06','2024-12-17 21:48:06',NULL,NULL,NULL,NULL),(22,'Korg','ARP Odyssey Module Rev 1','2017 • Desktop • Analogique • 2 oscillateurs • 2 filtres • 1 lfo • 2 voix de polyphonie • Monotimbral • Synthèse: Soustractive','https://synthetiseur.net/images/pt/korg-arpodysseymodule1_1.jpg','96%','5 avis','2024-12-17 21:48:06','2024-12-17 21:48:06',NULL,NULL,NULL,NULL),(23,'Korg','Kronos LS','2017 • Clavier • Numérique • 4 oscillateurs • 6 enveloppes • 2 filtres • 2 lfos • 180 voix de polyphonie • Multitimbral 16 parties • Synthèse: 11 types de synthèse','https://synthetiseur.net/images/pt/korg-kronosls.jpg','100%','2 avis','2024-12-17 21:48:06','2024-12-17 21:48:06',NULL,NULL,NULL,NULL),(24,'Korg','Grandstage 73/88','2017 • Clavier • Numérique • Synthèse: 4 types de synthèse','https://synthetiseur.net/images/pt/korg-grandstage_1.jpg','100%','1 avis','2024-12-17 21:48:06','2024-12-17 21:48:06',NULL,NULL,NULL,NULL),(25,'Korg','Kross 2 61/88','2017 • Clavier • Numérique • 2 oscillateurs • 3 enveloppes • 2 filtres • 2 lfos • Multitimbral 16 parties • Synthèse: ROM, Echantillonnage','https://synthetiseur.net/images/pt/korg-kross2.jpg','85%','17 avis','2024-12-17 21:48:06','2024-12-17 21:48:06',NULL,NULL,NULL,NULL),(26,'Korg','Vox Continental 61/73','2017 • Clavier • Numérique • 2 oscillateurs • 4 enveloppes • 2 filtres • 4 lfos • 128 voix de polyphonie • Multitimbral 4 parties • Synthèse: Modélisation Physique, ROM, Virtuel Analogique','https://synthetiseur.net/images/pt/korg-voxcontinental.jpg','90%','16 avis','2024-12-17 21:48:06','2024-12-17 21:48:06',NULL,NULL,NULL,NULL),(27,'Korg','microKEY Air 61','2016 • Clavier • 61 mini-touches sensibles à la vélocité','https://synthetiseur.net/images/pt/korg-microkeyair61.jpg','100%','5 avis','2024-12-17 21:48:06','2024-12-17 21:48:06',NULL,NULL,NULL,NULL),(28,'Korg','microKEY Air 37','2016 • Clavier • 37 mini-touches sensibles à la vélocité','https://synthetiseur.net/images/pt/korg-microkeyair37.jpg','100%','3 avis','2024-12-17 21:48:06','2024-12-17 21:48:06',NULL,NULL,NULL,NULL),(29,'Korg','nanoKEY Studio','2016 • Clavier • 25 touches avec dynamique tactile et rétro-éclairage','https://synthetiseur.net/images/pt/korg-nanokeystudio.jpg','78%','12 avis','2024-12-17 21:48:06','2024-12-17 21:48:06',NULL,NULL,NULL,NULL),(30,'Korg','microKEY Air 25','2016 • Clavier • 25 touches Natural Touch','https://synthetiseur.net/images/pt/korg-microkeyair25.jpg','94%','7 avis','2024-12-17 21:48:06','2024-12-17 21:48:06',NULL,NULL,NULL,NULL),(31,'Korg','MicroKORG S','2016 • Clavier • Numérique • 2 oscillateurs • 1 enveloppe • 1 filtre • 2 lfos • 4 voix de polyphonie • Multitimbral 2 parties • Synthèse: Soustractive, Virtuel Analogique','https://synthetiseur.net/images/pt/korg-microkorgs_1.jpg','84%','11 avis','2024-12-17 21:48:06','2024-12-17 21:48:06',NULL,NULL,NULL,NULL),(32,'Korg','Volca Kick','2016 • Desktop • Analogique • 1 oscillateur • Monophonique • Monotimbral • Synthèse: Soustractive','https://synthetiseur.net/images/pt/korg-volcakick_1.jpg','93%','14 avis','2024-12-17 21:48:06','2024-12-17 21:48:06',NULL,NULL,NULL,NULL),(33,'Korg','Odyssey Module','2016 • Desktop • Analogique • 2 oscillateurs • 2 enveloppes • 1 filtre • 1 lfo • 2 voix de polyphonie • Monotimbral • Synthèse: Soustractive','https://synthetiseur.net/images/pt/korg-odyssey_1.jpg',NULL,NULL,'2024-12-17 21:48:06','2024-12-17 21:48:06',NULL,NULL,NULL,NULL),(34,'Korg','Monologue','2016 • Clavier • Analogique • 2 oscillateurs • 1 enveloppe • 1 filtre • 1 lfo • Monophonique • Monotimbral • Synthèse: Soustractive','https://synthetiseur.net/images/pt/korg-monologue_1.jpg','93%','42 avis','2024-12-17 21:48:06','2024-12-17 21:48:06',NULL,NULL,NULL,NULL),(35,'Korg','Volca FM','2016 • Desktop, Clavier • Numérique • 6 oscillateurs • 6 enveloppes • 1 lfo • 3 voix de polyphonie • Monotimbral • Synthèse: Modulation de Fréquence','https://synthetiseur.net/images/pt/korg-volcafm.jpg','85%','19 avis','2024-12-17 21:48:06','2024-12-17 21:48:06',NULL,NULL,NULL,NULL),(36,'Korg','Minilogue','2016 • Clavier • Analogique • 2 oscillateurs • 2 enveloppes • 1 filtre • 1 lfo • 4 voix de polyphonie • Multitimbral 4 parties • Synthèse: Soustractive','https://synthetiseur.net/images/pt/korg-minilogue_1.jpg','94%','20 avis','2024-12-17 21:48:06','2024-12-17 21:48:06',NULL,NULL,NULL,NULL),(37,'Korg','microKEY 61 MkII','2015 • Clavier • 61 mini-touches sensibles à la vélocité','https://synthetiseur.net/images/pt/korg-microkey61mk2.jpg','47%','3 avis','2024-12-17 21:48:06','2024-12-17 21:48:06',NULL,NULL,NULL,NULL),(38,'Korg','microKEY 49 MkII','2015 • Clavier • 49 mini-touches sensibles à la vélocité','https://synthetiseur.net/images/pt/korg-microkey49mk2.jpg','85%','8 avis','2024-12-17 21:48:06','2024-12-17 21:48:06',NULL,NULL,NULL,NULL),(39,'Korg','microKEY Air 49','2015 • Clavier • 49 mini-touches sensibles à la vélocité','https://synthetiseur.net/images/pt/korg-microkeyair49.jpg','86%','7 avis','2024-12-17 21:48:06','2024-12-17 21:48:06',NULL,NULL,NULL,NULL),(40,'Korg','microKEY 37 MkII','2015 • Clavier • 37 mini-touches sensibles à la vélocité','https://synthetiseur.net/images/pt/korg-microkey37mk2.jpg','93%','8 avis','2024-12-17 21:48:06','2024-12-17 21:48:06',NULL,NULL,NULL,NULL),(41,'Korg','ARP Odyssey Rev 3','2015 • Clavier • Analogique • 2 oscillateurs • 2 enveloppes • 1 filtre • 1 lfo • 2 voix de polyphonie • Monotimbral • Synthèse: Soustractive','https://synthetiseur.net/images/pt/korg-arpodyssey3_1.jpg','100%','2 avis','2024-12-17 21:48:06','2024-12-17 21:48:06',NULL,NULL,NULL,NULL),(42,'Korg','ARP Odyssey Rev 2','2015 • Clavier • Analogique • 2 oscillateurs • 2 enveloppes • 1 filtre • 1 lfo • 2 voix de polyphonie • Monotimbral • Synthèse: Soustractive','https://synthetiseur.net/images/pt/korg-arpodyssey2_1.jpg',NULL,NULL,'2024-12-17 21:48:06','2024-12-17 21:48:06',NULL,NULL,NULL,NULL),(43,'Korg','ARP Odyssey Rev 1','2015 • Clavier • Analogique • 2 oscillateurs • 2 filtres • 1 lfo • 2 voix de polyphonie • Monotimbral • Synthèse: Soustractive','https://synthetiseur.net/images/pt/korg-arpodyssey1_1.jpg',NULL,NULL,'2024-12-17 21:48:06','2024-12-17 21:48:06',NULL,NULL,NULL,NULL),(44,'Korg','Electribe Sampler','2015 • Desktop • Numérique • 4 oscillateurs • 1 enveloppe • 3 filtres • 1 lfo • 24 voix de polyphonie • Multitimbral 16 parties • Synthèse: 5 types de synthèse','https://synthetiseur.net/images/pt/korg-electribesampler.jpg','82%','9 avis','2024-12-17 21:48:06','2024-12-17 21:48:06',NULL,NULL,NULL,NULL),(45,'Korg','Electribe','2015 • Desktop • Numérique • 4 oscillateurs • 24 voix de polyphonie • Multitimbral 16 parties • Synthèse: 4 types de synthèse','https://synthetiseur.net/images/pt/korg-electribe.jpg','96%','15 avis','2024-12-17 21:48:06','2024-12-17 21:48:06',NULL,NULL,NULL,NULL),(46,'Korg','Volca Sample','2014 • Desktop • Numérique • 2 oscillateurs • 2 enveloppes • 8 voix de polyphonie • Monotimbral • Synthèse: Echantillonnage','https://synthetiseur.net/images/pt/korg-volcasample_1.jpg','95%','4 avis','2024-12-17 21:48:06','2024-12-17 21:48:06',NULL,NULL,NULL,NULL),(47,'Korg','MS-20 Kit','2014 • Clavier • Analogique • 2 oscillateurs • 2 enveloppes • 2 filtres • 1 lfo • Monophonique • Monotimbral • Synthèse: Soustractive','https://synthetiseur.net/images/pt/korg-ms20kit.jpg','100%','1 avis','2024-12-17 21:48:06','2024-12-17 21:48:06',NULL,NULL,NULL,NULL),(48,'Korg','Triton Taktile 25/49','2014 • Clavier • Numérique • 2 oscillateurs • 2 enveloppes • 2 filtres • 2 lfos • 80 voix de polyphonie • Multitimbral 16 parties • Synthèse: ROM','https://synthetiseur.net/images/pt/korg-tritontaktile_1.jpg','93%','14 avis','2024-12-17 21:48:06','2024-12-17 21:48:06',NULL,NULL,NULL,NULL),(49,'Korg','Taktile 25/49','2014 • Clavier • Numérique • 0 oscillateur • 0 voix de polyphonie • Multitimbral 0 parties','https://synthetiseur.net/images/pt/korg-taktile.jpg','100%','1 avis','2024-12-17 21:48:06','2024-12-17 21:48:06',NULL,NULL,NULL,NULL),(50,'Korg','Volca Keys','2013 • Desktop • Numérique • 3 oscillateurs • 1 enveloppe • 1 filtre • 1 lfo • 3 voix de polyphonie • Monotimbral • Synthèse: Soustractive','https://synthetiseur.net/images/pt/korg-volcakeys_1.jpg','88%','26 avis','2024-12-17 21:48:06','2024-12-17 21:48:06',NULL,NULL,NULL,NULL),(51,'Korg','Volca Beats','2013 • Desktop • Analogique, Numérique • 2 oscillateurs • 10 voix de polyphonie • Multitimbral 10 parties • Synthèse: ROM, Soustractive','https://synthetiseur.net/images/pt/korg-volcabeats_1.jpg','81%','21 avis','2024-12-17 21:48:06','2024-12-17 21:48:06',NULL,NULL,NULL,NULL),(52,'Korg','Volca Bass','2013 • Desktop • Numérique • 3 oscillateurs • 1 enveloppe • 1 filtre • 1 lfo • 3 voix de polyphonie • Multitimbral 3 parties • Synthèse: Soustractive','https://synthetiseur.net/images/pt/korg-volcabass_1.jpg','88%','22 avis','2024-12-17 21:48:06','2024-12-17 21:48:06',NULL,NULL,NULL,NULL),(53,'Korg','Kross 61/88','2013 • Clavier • Numérique • 2 oscillateurs • 3 enveloppes • 2 lfos • 80 voix de polyphonie • Multitimbral 16 parties • Synthèse: ROM, Echantillonnage','https://synthetiseur.net/images/pt/korg-kross.jpg','80%','1 avis','2024-12-17 21:48:06','2024-12-17 21:48:06',NULL,NULL,NULL,NULL),(54,'Korg','King','2013 • Clavier • Numérique • 3 oscillateurs • 2 enveloppes • 1 filtre • 2 lfos • 24 voix de polyphonie • Multitimbral 2 parties • Synthèse: Modulation de Fréquence, Virtuel Analogique','https://synthetiseur.net/images/pt/korg-kingkorg_1.jpg','80%','2 avis','2024-12-17 21:48:06','2024-12-17 21:48:06',NULL,NULL,NULL,NULL),(55,'Korg','MS-20 Mini','2013 • Clavier • Analogique • 2 oscillateurs • 2 enveloppes • 1 filtre • 1 lfo • Monophonique • Monotimbral • Synthèse: Soustractive','https://synthetiseur.net/images/pt/korg-ms20mini_1.jpg','89%','25 avis','2024-12-17 21:48:06','2024-12-17 21:48:06',NULL,NULL,NULL,NULL),(56,'Korg','microKEY 25','2012 • Clavier • 25 touches miniatures sensibles à la vélocité','https://synthetiseur.net/images/pt/korg-microkey25.jpg','92%','12 avis','2024-12-17 21:48:06','2024-12-17 21:48:06',NULL,NULL,NULL,NULL),(57,'Korg','Kronos X 61/73/88','2012 • Clavier • Numérique • Multitimbral 16 parties • Synthèse: 9 types de synthèse','https://synthetiseur.net/images/pt/korg-kronosx.jpg','100%','1 avis','2024-12-17 21:48:06','2024-12-17 21:48:06',NULL,NULL,NULL,NULL),(58,'Korg','Monotron Duo','2012 • Desktop • Analogique • 2 oscillateurs • 1 lfo • Monophonique • Monotimbral • Synthèse: Soustractive','https://synthetiseur.net/images/pt/korg-monotronduo.jpg','80%','17 avis','2024-12-17 21:48:06','2024-12-17 21:48:06',NULL,NULL,NULL,NULL),(59,'Korg','Monotron Delay','2012 • Desktop • Analogique • 1 oscillateur • 1 lfo • Monophonique • Monotimbral • Synthèse: Soustractive','https://synthetiseur.net/images/pt/korg-monotrondelay.jpg','90%','27 avis','2024-12-17 21:48:06','2024-12-17 21:48:06',NULL,NULL,NULL,NULL),(60,'Korg','Krome 61/73/88','2012 • Clavier • Numérique • 2 oscillateurs • 120 voix de polyphonie • Multitimbral 16 parties • Synthèse: ROM','https://synthetiseur.net/images/pt/korg-krome.jpg','80%','2 avis','2024-12-17 21:48:06','2024-12-17 21:48:06',NULL,NULL,NULL,NULL),(61,'Korg','Microkorg XL+','2012 • Clavier • Numérique • 2 oscillateurs • 3 enveloppes • 2 filtres • 2 lfos • 8 voix de polyphonie • Multitimbral 2 parties • Synthèse: ROM, Virtuel Analogique','https://synthetiseur.net/images/pt/korg-microkorgxlplus_1.jpg','88%','12 avis','2024-12-17 21:48:06','2024-12-17 21:48:06',NULL,NULL,NULL,NULL),(62,'Korg','nanoKEY 2','2011 • Clavier • 25 touches sensibles à la vélocité (4 courbes de vélocité)','https://synthetiseur.net/images/pt/korg-nanokey2.jpg','80%','20 avis','2024-12-17 21:48:06','2024-12-17 21:48:06',NULL,NULL,NULL,NULL),(63,'Korg','Kronos','2011 • Clavier • Numérique • 200 voix de polyphonie • Multitimbral 16 parties • Synthèse: 9 types de synthèse','https://synthetiseur.net/images/pt/korg-kronos.jpg','88%','5 avis','2024-12-17 21:48:06','2024-12-17 21:48:06',NULL,NULL,NULL,NULL),(64,'Korg','Monotribe','2011 • Desktop • Analogique • 1 oscillateur • 1 enveloppe • 1 filtre • 1 lfo • Monophonique • Monotimbral • Synthèse: Soustractive','https://synthetiseur.net/images/pt/korg-monotribe_1.jpg','88%','5 avis','2024-12-17 21:48:06','2024-12-17 21:48:06',NULL,NULL,NULL,NULL),(65,'Korg','MicroStation','2010 • Clavier • Numérique • 2 oscillateurs • 2 enveloppes • 2 filtres • 2 lfos • 120 voix de polyphonie • Multitimbral 16 parties • Synthèse: ROM','https://synthetiseur.net/images/pt/korg-microstation.jpg','100%','2 avis','2024-12-17 21:48:06','2024-12-17 21:48:06',NULL,NULL,NULL,NULL),(66,'Korg','PS60','2010 • Clavier • Numérique • 2 oscillateurs • 2 enveloppes • 2 filtres • 2 lfos • 120 voix de polyphonie • Multitimbral 16 parties • Synthèse: ROM','https://synthetiseur.net/images/pt/korg-ps60.jpg','60%','1 avis','2024-12-17 21:48:06','2024-12-17 21:48:06',NULL,NULL,NULL,NULL),(67,'Korg','Monotron','2010 • Desktop • Analogique • 1 oscillateur • 1 filtre • 1 lfo • Monophonique • Monotimbral • Synthèse: Soustractive','https://synthetiseur.net/images/pt/korg-monotron.jpg','60%','1 avis','2024-12-17 21:48:06','2024-12-17 21:48:06',NULL,NULL,NULL,NULL),(68,'Korg','microSampler','2009 • Clavier • Numérique • 1 oscillateur • 14 voix de polyphonie • Multitimbral 16 parties • Synthèse: ROM, Echantillonnage','https://synthetiseur.net/images/pt/korg-microsampler_1.jpg','73%','3 avis','2024-12-17 21:48:06','2024-12-17 21:48:06',NULL,NULL,NULL,NULL),(69,'Korg','Micro XL','2009 • Clavier • Numérique • 2 oscillateurs • 3 enveloppes • 2 filtres • 2 lfos • 8 voix de polyphonie • Multitimbral 2 parties • Synthèse: Virtuel Analogique','https://synthetiseur.net/images/pt/korg-microkorgxl_1.jpg','80%','4 avis','2024-12-17 21:48:06','2024-12-17 21:48:06',NULL,NULL,NULL,NULL),(70,'Korg','M50 61/88','2008 • Clavier • Numérique • 2 oscillateurs • 2 enveloppes • 2 filtres • 2 lfos • 80 voix de polyphonie • Multitimbral 16 parties • Synthèse: ROM','https://synthetiseur.net/images/pt/korg-m50_1.jpg','90%','2 avis','2024-12-17 21:48:06','2024-12-17 21:48:06',NULL,NULL,NULL,NULL),(71,'Korg','M3 61/73/88','2007 • Clavier • Numérique • 2 oscillateurs • 2 enveloppes • 2 filtres • 4 lfos • 120 voix de polyphonie • Multitimbral 16 parties • Synthèse: ROM, Echantillonnage','https://synthetiseur.net/images/pt/korg-m3.jpg','100%','1 avis','2024-12-17 21:48:06','2024-12-17 21:48:06',NULL,NULL,NULL,NULL),(72,'Korg','R3','2007 • Clavier • Numérique • 2 oscillateurs • 3 enveloppes • 2 filtres • 2 lfos • 8 voix de polyphonie • Multitimbral 2 parties • Synthèse: Virtuel Analogique, Soustractive','https://synthetiseur.net/images/pt/korg-r3_1.jpg','87%','3 avis','2024-12-17 21:48:06','2024-12-17 21:48:06',NULL,NULL,NULL,NULL),(73,'Korg','X50','2006 • Clavier • Numérique • 2 oscillateurs • 2 enveloppes • 1 filtre • 2 lfos • 62 voix de polyphonie • Multitimbral 16 parties • Synthèse: ROM','https://synthetiseur.net/images/pt/korg-x50.jpg','80%','1 avis','2024-12-17 21:48:06','2024-12-17 21:48:06',NULL,NULL,NULL,NULL),(74,'Korg','Micro X','2006 • Clavier • Numérique • 2 oscillateurs • 2 enveloppes • 1 filtre • 2 lfos • 62 voix de polyphonie • Multitimbral 16 parties • Synthèse: ROM','https://synthetiseur.net/images/pt/korg-microx_1.jpg','80%','1 avis','2024-12-17 21:48:06','2024-12-17 21:48:06',NULL,NULL,NULL,NULL),(75,'Korg','Radias','2006 • Clavier • Numérique • 2 oscillateurs • 2 enveloppes • 1 filtre • 2 lfos • 8 voix de polyphonie • Multitimbral 4 parties • Synthèse: Synthèse par Formants, ROM, Virtuel Analogique','https://synthetiseur.net/images/pt/korg-radias_1.jpg','90%','2 avis','2024-12-17 21:48:06','2024-12-17 21:48:06',NULL,NULL,NULL,NULL),(76,'Korg','TR 61/76/88','2005 • Clavier • Numérique • 2 oscillateurs • 2 enveloppes • 1 filtre • 2 lfos • 62 voix de polyphonie • Multitimbral 16 parties • Synthèse: ROM','https://synthetiseur.net/images/pt/korg-tr.jpg','100%','2 avis','2024-12-17 21:48:06','2024-12-17 21:48:06',NULL,NULL,NULL,NULL),(77,'Korg','OASYS','2005 • Clavier • Numérique • 3 lfos • Multitimbral 16 parties • Synthèse: 9 types de synthèse','https://synthetiseur.net/images/pt/korg-oasys.jpg','85%','4 avis','2024-12-17 21:48:06','2024-12-17 21:48:06',NULL,NULL,NULL,NULL),(78,'Korg','Triton Extreme 61/76/88','2004 • Clavier • Numérique • 2 oscillateurs • 2 enveloppes • 1 filtre • 2 lfos • 120 voix de polyphonie • Multitimbral 16 parties • Synthèse: ROM, Echantillonnage, Virtuel Analogique','https://synthetiseur.net/images/pt/korg-tritonextreme.jpg','80%','2 avis','2024-12-17 21:48:06','2024-12-17 21:48:06',NULL,NULL,NULL,NULL),(79,'Korg','MS2000BR','2003 • Desktop • Numérique • 2 oscillateurs • 2 enveloppes • 2 lfos • 4 voix de polyphonie • Multitimbral 2 parties • Synthèse: Soustractive, Virtuel Analogique','https://synthetiseur.net/images/pt/korg-ms2000br.jpg',NULL,NULL,'2024-12-17 21:48:06','2024-12-17 21:48:06',NULL,NULL,NULL,NULL),(80,'Korg','MS2000B','2003 • Clavier • Numérique • 2 oscillateurs • 2 enveloppes • 2 lfos • 4 voix de polyphonie • Multitimbral 2 parties • Synthèse: Soustractive, Virtuel Analogique','https://synthetiseur.net/images/pt/korg-ms2000b_1.jpg','100%','1 avis','2024-12-17 21:48:06','2024-12-17 21:48:06',NULL,NULL,NULL,NULL),(81,'Korg','Electribe R mkII','2003 • Desktop • Numérique • 2 oscillateurs • 1 enveloppe • 1 filtre • 10 voix de polyphonie • Multitimbral 10 parties • Synthèse: ROM, Virtuel Analogique','https://synthetiseur.net/images/pt/korg-electriber2.jpg','100%','1 avis','2024-12-17 21:48:06','2024-12-17 21:48:06',NULL,NULL,NULL,NULL),(82,'Korg','Electribe A mkII','2003 • Desktop • Numérique • 2 oscillateurs • 1 filtre • 2 voix de polyphonie • Multitimbral 2 parties • Synthèse: Virtuel Analogique','https://synthetiseur.net/images/pt/korg-electribea2.jpg','80%','1 avis','2024-12-17 21:48:06','2024-12-17 21:48:06',NULL,NULL,NULL,NULL),(83,'Korg','Electribe SX (ESX-1)','2003 • Desktop • Numérique • 2 oscillateurs • 1 filtre • 16 voix de polyphonie • Multitimbral 16 parties • Synthèse: Echantillonnage','https://synthetiseur.net/images/pt/korg-electribesx_1.jpg','80%','1 avis','2024-12-17 21:48:06','2024-12-17 21:48:06',NULL,NULL,NULL,NULL),(84,'Korg','Electribe MX (EMX-1)','2003 • Desktop • Numérique • 2 oscillateurs • 1 enveloppe • 1 filtre • 16 voix de polyphonie • Multitimbral 16 parties • Synthèse: ROM, Virtuel Analogique','https://synthetiseur.net/images/pt/korg-electribemx_1.jpg','87%','3 avis','2024-12-17 21:48:06','2024-12-17 21:48:06',NULL,NULL,NULL,NULL),(85,'Korg','Triton Studio 61/76/88','2002 • Clavier • Numérique • 2 oscillateurs • 2 enveloppes • 1 filtre • 2 lfos • 120 voix de polyphonie • Multitimbral 16 parties • Synthèse: ROM, Echantillonnage, Virtuel Analogique','https://synthetiseur.net/images/pt/korg-tritonstudio.jpg','87%','3 avis','2024-12-17 21:48:06','2024-12-17 21:48:06',NULL,NULL,NULL,NULL),(86,'Korg','Triton LE 61/76/88','2002 • Clavier • Numérique • 2 oscillateurs • 2 enveloppes • 1 filtre • 2 lfos • 62 voix de polyphonie • Multitimbral 16 parties • Synthèse: ROM','https://synthetiseur.net/images/pt/korg-tritonle_1.jpg','86%','14 avis','2024-12-17 21:48:06','2024-12-17 21:48:06',NULL,NULL,NULL,NULL),(87,'Korg','PA60','2002 • Clavier • Numérique • 62 voix de polyphonie • Synthèse: ROM','https://synthetiseur.net/images/pt/korg-pa60.jpg',NULL,NULL,'2024-12-17 21:48:06','2024-12-17 21:48:06',NULL,NULL,NULL,NULL),(88,'Korg','MicroKORG','2002 • Clavier • Numérique • 2 oscillateurs • 1 enveloppe • 1 filtre • 2 lfos • 4 voix de polyphonie • Multitimbral 2 parties • Synthèse: Soustractive, Virtuel Analogique','https://synthetiseur.net/images/pt/korg-microkorg_1.jpg','92%','41 avis','2024-12-17 21:48:06','2024-12-17 21:48:06',NULL,NULL,NULL,NULL),(89,'Korg','Karma','2001 • Clavier • Numérique • 2 oscillateurs • 2 enveloppes • 1 filtre • 2 lfos • 62 voix de polyphonie • Multitimbral 16 parties • Synthèse: ROM, Virtuel Analogique','https://synthetiseur.net/images/pt/korg-karma_1.jpg','78%','10 avis','2024-12-17 21:48:06','2024-12-17 21:48:06',NULL,NULL,NULL,NULL),(90,'Korg','Triton-Rack','2000 • Rack • Numérique • 2 oscillateurs • 2 enveloppes • 1 filtre • 2 lfos • 60 voix de polyphonie • Multitimbral 16 parties • Synthèse: 4 types de synthèse','https://synthetiseur.net/images/pt/korg-tritonrack.jpg','96%','5 avis','2024-12-17 21:48:06','2024-12-17 21:48:06',NULL,NULL,NULL,NULL),(91,'Korg','PA80','2000 • Clavier • Numérique • 62 voix de polyphonie • Synthèse: ROM','https://synthetiseur.net/images/pt/korg-pa80.jpg','82%','10 avis','2024-12-17 21:48:06','2024-12-17 21:48:06',NULL,NULL,NULL,NULL),(92,'Korg','MS2000R','2000 • Desktop • Numérique • 2 oscillateurs • 2 enveloppes • 2 lfos • 4 voix de polyphonie • Multitimbral 2 parties • Synthèse: Soustractive, Virtuel Analogique','https://synthetiseur.net/images/pt/korg-ms2000r_1.jpg','91%','9 avis','2024-12-17 21:48:06','2024-12-17 21:48:06',NULL,NULL,NULL,NULL),(93,'Korg','MS2000','2000 • Clavier • Numérique • 2 oscillateurs • 2 enveloppes • 2 lfos • 4 voix de polyphonie • Multitimbral 2 parties • Synthèse: Soustractive, Virtuel Analogique','https://synthetiseur.net/images/pt/korg-ms2000_1.jpg','78%','17 avis','2024-12-17 21:48:06','2024-12-17 21:48:06',NULL,NULL,NULL,NULL),(94,'Korg','Electribe S (ES-1)','2000 • Desktop • Numérique • 2 oscillateurs • 12 voix de polyphonie • Monotimbral • Synthèse: Echantillonnage, Soustractive','https://synthetiseur.net/images/pt/korg-electribes_1.jpg','78%','11 avis','2024-12-17 21:48:06','2024-12-17 21:48:06',NULL,NULL,NULL,NULL),(95,'Korg','Triton','1999 • Clavier • Numérique • 2 oscillateurs • 2 enveloppes • 1 filtre • 2 lfos • 62 voix de polyphonie • Multitimbral 8 parties • Synthèse: ROM, Echantillonnage, Virtuel Analogique','https://synthetiseur.net/images/pt/korg-triton.jpg','84%','15 avis','2024-12-17 21:48:06','2024-12-17 21:48:06',NULL,NULL,NULL,NULL),(96,'Korg','NX5R','1999 • Module • Numérique • 1 oscillateur • 3 enveloppes • 1 filtre • 3 lfos • Synthèse: ROM, Soustractive','https://synthetiseur.net/images/pt/korg-nx5r.jpg','65%','4 avis','2024-12-17 21:48:06','2024-12-17 21:48:06',NULL,NULL,NULL,NULL),(97,'Korg','N5EX','1999 • Clavier • Numérique • 1 oscillateur • 3 enveloppes • 1 filtre • 3 lfos • 64 voix de polyphonie • Multitimbral 32 parties • Synthèse: ROM, Soustractive','https://synthetiseur.net/images/pt/korg-n5ex.jpg','70%','2 avis','2024-12-17 21:48:06','2024-12-17 21:48:06',NULL,NULL,NULL,NULL),(98,'Korg','Electribe R (ER-1)','1999 • Desktop • Numérique • 2 oscillateurs • 1 filtre • 11 voix de polyphonie • Monotimbral • Synthèse: Echantillonnage, Soustractive','https://synthetiseur.net/images/pt/korg-electriber.jpg','74%','10 avis','2024-12-17 21:48:06','2024-12-17 21:48:06',NULL,NULL,NULL,NULL),(99,'Korg','Electribe M (EM-1)','1999 • Desktop • Numérique • 2 oscillateurs • 1 enveloppe • 1 filtre • 12 voix de polyphonie • Multitimbral 12 parties • Synthèse: ROM, Echantillonnage, Soustractive','https://synthetiseur.net/images/pt/korg-electribem.jpg','75%','8 avis','2024-12-17 21:48:06','2024-12-17 21:48:06',NULL,NULL,NULL,NULL),(100,'Korg','Electribe A (EA-1)','1999 • Desktop • Numérique • 2 oscillateurs • 1 enveloppe • 1 filtre • Monophonique • Monotimbral • Synthèse: Soustractive, Virtuel Analogique','https://synthetiseur.net/images/pt/korg-electribea.jpg','73%','9 avis','2024-12-17 21:48:06','2024-12-17 21:48:06',NULL,NULL,NULL,NULL),(101,'Korg','Trinity V3','1998 • Clavier • Numérique • 2 oscillateurs • 1 enveloppe • 2 lfos • 32 voix de polyphonie • Multitimbral 16 parties • Synthèse: 5 types de synthèse','https://synthetiseur.net/images/pt/korg-trinityv3.jpg','80%','3 avis','2024-12-17 21:48:06','2024-12-17 21:48:06',NULL,NULL,NULL,NULL),(102,'Korg','TR-Rack','1998 • Rack • Numérique • 2 oscillateurs • 2 enveloppes • 1 filtre • 2 lfos • 32 voix de polyphonie • Multitimbral 16 parties • Synthèse: Modulation de Fréquence, ROM, Virtuel Analogique','https://synthetiseur.net/images/pt/korg-trrack.jpg','100%','2 avis','2024-12-17 21:48:06','2024-12-17 21:48:06',NULL,NULL,NULL,NULL),(103,'Korg','N1R','1998 • Rack • Numérique • 1 oscillateur • 3 enveloppes • 1 filtre • 3 lfos • 64 voix de polyphonie • Multitimbral 32 parties • Synthèse: ROM, Soustractive','https://synthetiseur.net/images/pt/korg-n1r.jpg','53%','3 avis','2024-12-17 21:48:06','2024-12-17 21:48:06',NULL,NULL,NULL,NULL),(104,'Korg','N5','1997 • Clavier • Numérique • 1 oscillateur • 3 enveloppes • 1 filtre • 3 lfos • 64 voix de polyphonie • Multitimbral 32 parties • Synthèse: ROM, Soustractive','https://synthetiseur.net/images/pt/korg-n5.jpg','100%','1 avis','2024-12-17 21:48:06','2024-12-17 21:48:06',NULL,NULL,NULL,NULL),(105,'Korg','Z1','1997 • Clavier • Numérique • 2 oscillateurs • 5 enveloppes • 2 filtres • 4 lfos • Multitimbral 6 parties • Synthèse: 4 types de synthèse','https://synthetiseur.net/images/pt/korg-z1.jpg','95%','25 avis','2024-12-17 21:48:06','2024-12-17 21:48:06',NULL,NULL,NULL,NULL),(106,'Korg','NS5R','1997 • Module • Numérique • 1 oscillateur • 3 enveloppes • 1 filtre • 3 lfos • 64 voix de polyphonie • Multitimbral 32 parties • Synthèse: ROM, Soustractive','https://synthetiseur.net/images/pt/korg-ns5r.jpg',NULL,NULL,'2024-12-17 21:48:06','2024-12-17 21:48:06',NULL,NULL,NULL,NULL),(107,'Korg','N1','1997 • Clavier • Numérique • 1 oscillateur • 3 enveloppes • 1 filtre • 3 lfos • 64 voix de polyphonie • Multitimbral 32 parties • Synthèse: ROM, Soustractive','https://synthetiseur.net/images/pt/korg-n1.jpg','100%','1 avis','2024-12-17 21:48:06','2024-12-17 21:48:06',NULL,NULL,NULL,NULL),(108,'Korg','N364','1996 • Clavier • Numérique • 2 oscillateurs • 2 enveloppes • 1 filtre • 2 lfos • 64 voix de polyphonie • Multitimbral 16 parties • Synthèse: ROM, Soustractive, Tables d\'Ondes','https://synthetiseur.net/images/pt/korg-n364_1.jpg','90%','6 avis','2024-12-17 21:48:06','2024-12-17 21:48:06',NULL,NULL,NULL,NULL),(109,'Korg','N264','1996 • Clavier • Numérique • 2 oscillateurs • 2 lfos • 64 voix de polyphonie • Multitimbral 16 parties • Synthèse: ROM, Soustractive, Tables d\'Ondes','https://synthetiseur.net/images/pt/korg-n264.jpg','80%','1 avis','2024-12-17 21:48:06','2024-12-17 21:48:06',NULL,NULL,NULL,NULL),(110,'Korg','X5D','1995 • Clavier • Numérique • 2 oscillateurs • 64 voix de polyphonie • Multitimbral 16 parties • Synthèse: ROM','https://synthetiseur.net/images/pt/korg-x5d_1.jpg','80%','7 avis','2024-12-17 21:48:06','2024-12-17 21:48:06',NULL,NULL,NULL,NULL),(111,'Korg','X5DR','1995 • Rack • Numérique • 2 oscillateurs • 64 voix de polyphonie • Multitimbral 16 parties • Synthèse: ROM','https://synthetiseur.net/images/pt/korg-x5dr.jpg','80%','2 avis','2024-12-17 21:48:06','2024-12-17 21:48:06',NULL,NULL,NULL,NULL),(112,'Korg','Trinity','1995 • Clavier • Numérique • 2 oscillateurs • 1 enveloppe • 2 lfos • 32 voix de polyphonie • Multitimbral 16 parties • Synthèse: 5 types de synthèse','https://synthetiseur.net/images/pt/korg-trinity.jpg','87%','3 avis','2024-12-17 21:48:06','2024-12-17 21:48:06',NULL,NULL,NULL,NULL),(113,'Korg','Prophecy','1995 • Clavier • Numérique • 2 oscillateurs • 2 filtres • 4 lfos • Monophonique • Monotimbral • Synthèse: 5 types de synthèse','https://synthetiseur.net/images/pt/korg-prophecy_1.jpg','91%','17 avis','2024-12-17 21:48:06','2024-12-17 21:48:06',NULL,NULL,NULL,NULL),(114,'Korg','X5','1994 • Clavier • Numérique • 2 oscillateurs • 32 voix de polyphonie • Multitimbral 16 parties • Synthèse: ROM','https://synthetiseur.net/images/pt/korg-x5.jpg','80%','1 avis','2024-12-17 21:48:06','2024-12-17 21:48:06',NULL,NULL,NULL,NULL),(115,'Korg','X2','1993 • Clavier • Numérique • 2 oscillateurs • 2 lfos • 32 voix de polyphonie • Multitimbral 16 parties • Synthèse: ROM, Soustractive','https://synthetiseur.net/images/pt/korg-x2.jpg','100%','1 avis','2024-12-17 21:48:06','2024-12-17 21:48:06',NULL,NULL,NULL,NULL),(116,'Korg','X3R','1993 • Rack • Numérique • 2 oscillateurs • 2 enveloppes • 2 filtres • 2 lfos • 32 voix de polyphonie • Multitimbral 16 parties • Synthèse: ROM','https://synthetiseur.net/images/pt/korg-x3r.jpg','60%','1 avis','2024-12-17 21:48:06','2024-12-17 21:48:06',NULL,NULL,NULL,NULL),(117,'Korg','X3','1993 • Clavier • Numérique • 2 oscillateurs • 1 enveloppe • 1 filtre • 1 lfo • 32 voix de polyphonie • Multitimbral 16 parties • Synthèse: ROM','https://synthetiseur.net/images/pt/korg-x3.jpg','87%','3 avis','2024-12-17 21:48:06','2024-12-17 21:48:06',NULL,NULL,NULL,NULL),(118,'Korg','Wavestation SR','1993 • Rack • Numérique • 4 oscillateurs • 2 enveloppes • 1 filtre • 2 lfos • 32 voix de polyphonie • Multitimbral 16 parties • Synthèse: Synthèse Vectorielle','https://synthetiseur.net/images/pt/korg-wavestationsr.jpg','95%','4 avis','2024-12-17 21:48:06','2024-12-17 21:48:06',NULL,NULL,NULL,NULL),(119,'Korg','Wavestation A/D','1993 • Rack • Numérique • 4 oscillateurs • 2 enveloppes • 1 filtre • 2 lfos • 32 voix de polyphonie • Multitimbral 16 parties • Synthèse: ROM, Synthèse Vectorielle','https://synthetiseur.net/images/pt/korg-wavestationad.jpg','98%','8 avis','2024-12-17 21:48:06','2024-12-17 21:48:06',NULL,NULL,NULL,NULL),(120,'Korg','i3 (1993)','1993 • Clavier • Numérique • 2 oscillateurs • 32 voix de polyphonie • Monotimbral • Synthèse: 4 types de synthèse','https://synthetiseur.net/images/pt/korg-i3.jpg','87%','3 avis','2024-12-17 21:48:06','2024-12-17 21:48:06',NULL,NULL,NULL,NULL),(121,'Korg','i2','1993 • Clavier • Numérique • 2 oscillateurs • 2 lfos • 32 voix de polyphonie • Monotimbral • Synthèse: 4 types de synthèse','https://synthetiseur.net/images/pt/korg-i2.jpg','100%','1 avis','2024-12-17 21:48:06','2024-12-17 21:48:06',NULL,NULL,NULL,NULL),(122,'Korg','05R/W','1993 • Module • Numérique • 2 oscillateurs • 2 enveloppes • 1 filtre • 2 lfos • 32 voix de polyphonie • Multitimbral 16 parties • Synthèse: ROM','https://synthetiseur.net/images/pt/korg-05rw.jpg','90%','4 avis','2024-12-17 21:48:06','2024-12-17 21:48:06',NULL,NULL,NULL,NULL),(123,'Korg','Wavestation EX','1991 • Clavier • Numérique • 4 oscillateurs • 2 enveloppes • 1 filtre • 2 lfos • 32 voix de polyphonie • Multitimbral 16 parties • Synthèse: ROM, Synthèse Vectorielle','https://synthetiseur.net/images/pt/korg-wavestationex.jpg','95%','4 avis','2024-12-17 21:48:06','2024-12-17 21:48:06',NULL,NULL,NULL,NULL),(124,'Korg','01/W FD','1991 • Clavier • Numérique • 2 oscillateurs • 2 enveloppes • 1 filtre • 2 lfos • 32 voix de polyphonie • Multitimbral 32 parties • Synthèse: ROM','https://synthetiseur.net/images/pt/korg-01wfd.jpg','77%','6 avis','2024-12-17 21:48:06','2024-12-17 21:48:06',NULL,NULL,NULL,NULL),(125,'Korg','01/W','1991 • Clavier • Numérique • 2 oscillateurs • 2 enveloppes • 1 filtre • 2 lfos • 32 voix de polyphonie • Multitimbral 32 parties • Synthèse: ROM','https://synthetiseur.net/images/pt/korg-01w.jpg','88%','5 avis','2024-12-17 21:48:06','2024-12-17 21:48:06',NULL,NULL,NULL,NULL),(126,'Korg','01R/W','1991 • Module, Rack • Numérique • 2 oscillateurs • 2 enveloppes • 1 filtre • 2 lfos • 32 voix de polyphonie • Multitimbral 16 parties • Synthèse: ROM','https://synthetiseur.net/images/pt/korg-01rw.jpg','90%','2 avis','2024-12-17 21:48:06','2024-12-17 21:48:06',NULL,NULL,NULL,NULL),(127,'Korg','Wavestation','1990 • Clavier • Numérique • 4 oscillateurs • 2 enveloppes • 1 filtre • 2 lfos • 32 voix de polyphonie • Multitimbral 16 parties • Synthèse: ROM, Synthèse Vectorielle','https://synthetiseur.net/images/pt/korg-wavestation.jpg','84%','5 avis','2024-12-17 21:48:06','2024-12-17 21:48:06',NULL,NULL,NULL,NULL),(128,'Korg','T2','1989 • Clavier • Numérique • 2 oscillateurs • 2 lfos • 16 voix de polyphonie • Multitimbral 8 parties • Synthèse: ROM','https://synthetiseur.net/images/pt/korg-t2.jpg','100%','1 avis','2024-12-17 21:48:06','2024-12-17 21:48:06',NULL,NULL,NULL,NULL),(129,'Korg','Z3 Guitar Synthetiser','1989 • Rack • Numérique • 4 oscillateurs • 2 enveloppes • 1 lfo • 6 voix de polyphonie • Multitimbral 6 parties • Synthèse: Modulation de Fréquence','https://synthetiseur.net/images/pt/korg-z3.jpg','80%','1 avis','2024-12-17 21:48:06','2024-12-17 21:48:06',NULL,NULL,NULL,NULL),(130,'Korg','M1R EX','1989 • Rack • Numérique • 2 oscillateurs • 2 lfos • 16 voix de polyphonie • Multitimbral 8 parties • Synthèse: ROM','https://synthetiseur.net/images/pt/korg-m1rex_1.jpg',NULL,NULL,'2024-12-17 21:48:06','2024-12-17 21:48:06',NULL,NULL,NULL,NULL),(131,'Korg','T3','1989 • Clavier • Numérique • 2 oscillateurs • 2 lfos • 16 voix de polyphonie • Multitimbral 8 parties • Synthèse: 4 types de synthèse','https://synthetiseur.net/images/pt/korg-t3.jpg','93%','3 avis','2024-12-17 21:48:06','2024-12-17 21:48:06',NULL,NULL,NULL,NULL),(132,'Korg','T1','1989 • Clavier • Numérique • 2 oscillateurs • 4 enveloppes • 1 filtre • 2 lfos • 16 voix de polyphonie • Multitimbral 8 parties • Synthèse: ROM','https://synthetiseur.net/images/pt/korg-t1.jpg','87%','3 avis','2024-12-17 21:48:06','2024-12-17 21:48:06',NULL,NULL,NULL,NULL),(133,'Korg','M3R','1989 • Clavier • Numérique • 2 oscillateurs • 3 enveloppes • 1 lfo • 32 voix de polyphonie • Multitimbral 16 parties • Synthèse: ROM','https://synthetiseur.net/images/pt/korg-m3r.jpg','87%','3 avis','2024-12-17 21:48:06','2024-12-17 21:48:06',NULL,NULL,NULL,NULL),(134,'Korg','M1 EX','1989 • Clavier • Numérique • 2 oscillateurs • 2 lfos • 16 voix de polyphonie • Monotimbral • Synthèse: ROM','https://synthetiseur.net/images/pt/korg-m1ex_1.jpg','80%','1 avis','2024-12-17 21:48:06','2024-12-17 21:48:06',NULL,NULL,NULL,NULL),(135,'Korg','DSM-1','1988 • Rack • Numérique • 2 oscillateurs • 1 enveloppe • 1 filtre • 1 lfo • 16 voix de polyphonie • Multitimbral 4 parties • Synthèse: Additive, Echantillonnage','https://synthetiseur.net/images/pt/korg-dsm1.jpg','100%','1 avis','2024-12-17 21:48:06','2024-12-17 21:48:06',NULL,NULL,NULL,NULL),(136,'Korg','M1R','1988 • Rack • Numérique • 2 oscillateurs • 2 lfos • 16 voix de polyphonie • Multitimbral 8 parties • Synthèse: ROM','https://synthetiseur.net/images/pt/korg-m1r.jpg','87%','3 avis','2024-12-17 21:48:06','2024-12-17 21:48:06',NULL,NULL,NULL,NULL),(137,'Korg','M1','1988 • Clavier • Numérique • 2 oscillateurs • 2 lfos • 16 voix de polyphonie • Monotimbral • Synthèse: ROM','https://synthetiseur.net/images/pt/korg-m1.jpg','88%','8 avis','2024-12-17 21:48:06','2024-12-17 21:48:06',NULL,NULL,NULL,NULL),(138,'Korg','DRM-1','1987 • Module, Rack • Numérique • 1 oscillateur • 1 enveloppe • 8 voix de polyphonie • Multitimbral 8 parties • Synthèse: ROM','https://synthetiseur.net/images/pt/korg-drm1.jpg','60%','1 avis','2024-12-17 21:48:06','2024-12-17 21:48:06',NULL,NULL,NULL,NULL),(139,'Korg','DDD-5','1987 • Desktop • Numérique • 12 voix de polyphonie • Multitimbral 12 parties','https://synthetiseur.net/images/pt/korg-ddd5.jpg','100%','2 avis','2024-12-17 21:48:06','2024-12-17 21:48:06',NULL,NULL,NULL,NULL),(140,'Korg','707','1987 • Clavier • Numérique • 4 oscillateurs • 2 enveloppes • 1 lfo • 8 voix de polyphonie • Multitimbral 8 parties • Synthèse: Modulation de Fréquence','https://synthetiseur.net/images/pt/korg-707.jpg','84%','5 avis','2024-12-17 21:48:06','2024-12-17 21:48:06',NULL,NULL,NULL,NULL),(141,'Korg','DVP-1','1986 • Rack • Numérique • 1 oscillateur • 2 enveloppes • 5 voix de polyphonie • Synthèse: Synthèse par Formants, ROM','https://synthetiseur.net/images/pt/korg-dvp1.jpg','87%','3 avis','2024-12-17 21:48:06','2024-12-17 21:48:06',NULL,NULL,NULL,NULL),(142,'Korg','DSS-1','1986 • Clavier • Numérique • 2 oscillateurs • 8 voix de polyphonie • Monotimbral • Synthèse: Additive, Echantillonnage','https://synthetiseur.net/images/pt/korg-dss1.jpg','87%','3 avis','2024-12-17 21:48:06','2024-12-17 21:48:06',NULL,NULL,NULL,NULL),(143,'Korg','DS-8','1986 • Clavier • Numérique • 2 oscillateurs • 3 enveloppes • 1 lfo • 8 voix de polyphonie • Multitimbral 8 parties • Synthèse: Modulation de Fréquence','https://synthetiseur.net/images/pt/korg-ds8.jpg','67%','3 avis','2024-12-17 21:48:06','2024-12-17 21:48:06',NULL,NULL,NULL,NULL),(144,'Korg','DDD-1','1986 • Desktop • Numérique • 18 voix de polyphonie','https://synthetiseur.net/images/pt/korg-ddd1.jpg','85%','4 avis','2024-12-17 21:48:06','2024-12-17 21:48:06',NULL,NULL,NULL,NULL),(145,'Korg','DDM-110','1985 • Desktop • Numérique • 8 voix de polyphonie • Synthèse: ROM','https://synthetiseur.net/images/pt/korg-ddm110.jpg',NULL,NULL,'2024-12-17 21:48:06','2024-12-17 21:48:06',NULL,NULL,NULL,NULL),(146,'Korg','MR-16','1985 • Desktop • Numérique • 1 oscillateur • 16 voix de polyphonie • Multitimbral 16 parties • Synthèse: ROM','https://synthetiseur.net/images/pt/korg-mr16.jpg','60%','1 avis','2024-12-17 21:48:06','2024-12-17 21:48:06',NULL,NULL,NULL,NULL),(147,'Korg','DDM-220','1985 • Desktop • Numérique • 8 voix de polyphonie • Synthèse: ROM','https://synthetiseur.net/images/pt/korg-ddm220.jpg',NULL,NULL,'2024-12-17 21:48:06','2024-12-17 21:48:06',NULL,NULL,NULL,NULL),(148,'Korg','Poly-800 II','1985 • Clavier • Analogique • 2 oscillateurs • 8 voix de polyphonie • Monotimbral • Synthèse: Soustractive','https://synthetiseur.net/images/pt/korg-poly800ii.jpg','80%','3 avis','2024-12-17 21:48:06','2024-12-17 21:48:06',NULL,NULL,NULL,NULL),(149,'Korg','EX-8000','1985 • Rack • Analogique • 2 oscillateurs • 1 lfo • 8 voix de polyphonie • Monotimbral • Synthèse: Soustractive, Tables d\'Ondes','https://synthetiseur.net/images/pt/korg-ex8000.jpg','80%','1 avis','2024-12-17 21:48:06','2024-12-17 21:48:06',NULL,NULL,NULL,NULL),(150,'Korg','DW-8000','1985 • Clavier • Analogique • 2 oscillateurs • 1 lfo • 8 voix de polyphonie • Monotimbral • Synthèse: Soustractive, Tables d\'Ondes','https://synthetiseur.net/images/pt/korg-dw8000_1.jpg','76%','5 avis','2024-12-17 21:48:06','2024-12-17 21:48:06',NULL,NULL,NULL,NULL),(151,'Korg','DW-6000','1985 • Clavier • Analogique • 2 oscillateurs • 6 voix de polyphonie • Monotimbral • Synthèse: Soustractive, Tables d\'Ondes','https://synthetiseur.net/images/pt/korg-dw6000_1.jpg','87%','3 avis','2024-12-17 21:48:06','2024-12-17 21:48:06',NULL,NULL,NULL,NULL),(152,'Korg','EX-800','1984 • Desktop, Rack • Analogique • 2 oscillateurs • 8 voix de polyphonie • Monotimbral • Synthèse: Soustractive','https://synthetiseur.net/images/pt/korg-ex800.jpg','100%','1 avis','2024-12-17 21:48:06','2024-12-17 21:48:06',NULL,NULL,NULL,NULL),(153,'Korg','Poly-800','1983 • Clavier • Analogique • 2 oscillateurs • 8 voix de polyphonie • Monotimbral • Synthèse: Soustractive','https://synthetiseur.net/images/pt/korg-poly800_1.jpg','64%','5 avis','2024-12-17 21:48:06','2024-12-17 21:48:06',NULL,NULL,NULL,NULL),(154,'Korg','KPR-77','1983 • Desktop • Analogique • 6 voix de polyphonie • Multitimbral 8 parties','https://synthetiseur.net/images/pt/korg-kpr77.jpg','100%','1 avis','2024-12-17 21:48:06','2024-12-17 21:48:06',NULL,NULL,NULL,NULL),(155,'Korg','X-911 Guitar Synthetiser','1982 • Desktop • Analogique • 1 oscillateur • 3 enveloppes • 1 filtre • Monophonique • Monotimbral • Synthèse: Soustractive','https://synthetiseur.net/images/pt/korg-x911.jpg','90%','2 avis','2024-12-17 21:48:06','2024-12-17 21:48:06',NULL,NULL,NULL,NULL),(156,'Korg','Trident MkII','1982 • Clavier • Analogique • 4 oscillateurs • 2 enveloppes • 1 filtre • 1 lfo • 8 voix de polyphonie • Multitimbral 2 parties • Synthèse: Soustractive','https://synthetiseur.net/images/pt/korg-trident2.jpg','100%','1 avis','2024-12-17 21:48:06','2024-12-17 21:48:06',NULL,NULL,NULL,NULL),(157,'Korg','Poly-61M','1982 • Clavier • Analogique • 2 oscillateurs • 6 voix de polyphonie • Monotimbral • Synthèse: Soustractive','https://synthetiseur.net/images/pt/korg-poly61m.jpg','70%','2 avis','2024-12-17 21:48:06','2024-12-17 21:48:06',NULL,NULL,NULL,NULL),(158,'Korg','Poly-61','1982 • Clavier • Analogique, Numérique • 2 oscillateurs • 1 enveloppe • 1 filtre • 1 lfo • 6 voix de polyphonie • Monotimbral • Synthèse: Soustractive','https://synthetiseur.net/images/pt/korg-poly61.jpg','76%','5 avis','2024-12-17 21:48:06','2024-12-17 21:48:06',NULL,NULL,NULL,NULL),(159,'Korg','Polysix','1981 • Clavier • Analogique • 2 oscillateurs • 1 enveloppe • 1 filtre • 1 lfo • 6 voix de polyphonie • Monotimbral • Synthèse: Soustractive','https://synthetiseur.net/images/pt/korg-polysix_1.jpg','89%','7 avis','2024-12-17 21:48:06','2024-12-17 21:48:06',NULL,NULL,NULL,NULL),(160,'Korg','Mono/Poly','1981 • Clavier • Analogique • 4 oscillateurs • 2 enveloppes • 1 filtre • 2 lfos • 4 voix de polyphonie • Monotimbral • Synthèse: Soustractive','https://synthetiseur.net/images/pt/korg-monopoly_1.jpg','71%','7 avis','2024-12-17 21:48:06','2024-12-17 21:48:06',NULL,NULL,NULL,NULL),(161,'Korg','LP-10 Electronic Piano','1980 • Clavier • Analogique • 1 oscillateur • 1 enveloppe • 61 voix de polyphonie • Synthèse: Divide-Down','https://synthetiseur.net/images/pt/korg-lp10.jpg',NULL,NULL,'2024-12-17 21:48:06','2024-12-17 21:48:06',NULL,NULL,NULL,NULL),(162,'Korg','Trident','1980 • Clavier • Analogique • 2 oscillateurs • 2 enveloppes • 1 filtre • 1 lfo • 8 voix de polyphonie • Multitimbral 2 parties • Synthèse: Soustractive','https://synthetiseur.net/images/pt/korg-trident_1.jpg','90%','2 avis','2024-12-17 21:48:06','2024-12-17 21:48:06',NULL,NULL,NULL,NULL),(163,'Korg','PE-1000 Polyphonic Ensemble','1979 • Clavier • Analogique • 2 oscillateurs • 3 voix de polyphonie • Monotimbral • Synthèse: Soustractive','https://synthetiseur.net/images/pt/korg-pe1000.jpg','80%','1 avis','2024-12-17 21:48:06','2024-12-17 21:48:06',NULL,NULL,NULL,NULL),(164,'Korg','Lambda','1979 • Clavier • Analogique • 2 oscillateurs • 48 voix de polyphonie • Monotimbral • Synthèse: Soustractive','https://synthetiseur.net/images/pt/korg-lambda_1.jpg','100%','1 avis','2024-12-17 21:48:06','2024-12-17 21:48:06',NULL,NULL,NULL,NULL),(165,'Korg','Sigma','1979 • Clavier • Analogique • 2 oscillateurs • 2 voix de polyphonie • Monotimbral • Synthèse: Soustractive','https://synthetiseur.net/images/pt/korg-sigma.jpg','93%','3 avis','2024-12-17 21:48:06','2024-12-17 21:48:06',NULL,NULL,NULL,NULL),(166,'Korg','MS-50','1979 • Desktop • Analogique • 1 oscillateur • 2 enveloppes • 1 filtre • 1 lfo • Monophonique • Synthèse: Soustractive','https://synthetiseur.net/images/pt/korg-ms50.jpg','100%','2 avis','2024-12-17 21:48:06','2024-12-17 21:48:06',NULL,NULL,NULL,NULL),(167,'Korg','KR-55','1979 • Desktop • Analogique • 12 voix de polyphonie • Multitimbral 12 parties','https://synthetiseur.net/images/pt/korg-kr55.jpg','90%','2 avis','2024-12-17 21:48:06','2024-12-17 21:48:06',NULL,NULL,NULL,NULL),(168,'Korg','Delta','1979 • Clavier • Analogique • 2 oscillateurs • 2 enveloppes • 1 filtre • 1 lfo • Monophonique • Monotimbral • Synthèse: Soustractive','https://synthetiseur.net/images/pt/korg-delta.jpg','93%','3 avis','2024-12-17 21:48:06','2024-12-17 21:48:06',NULL,NULL,NULL,NULL),(169,'Korg','VC-10 Vocoder','1978 • Clavier • Analogique • 1 oscillateur • Monophonique • Synthèse: Soustractive','https://synthetiseur.net/images/pt/korg-vc10.jpg','80%','1 avis','2024-12-17 21:48:06','2024-12-17 21:48:06',NULL,NULL,NULL,NULL),(170,'Korg','SQ-10','1978 • Desktop • Analogique • 0 voix de polyphonie • Multitimbral 3 parties','https://synthetiseur.net/images/pt/korg-sq10.jpg','80%','1 avis','2024-12-17 21:48:06','2024-12-17 21:48:06',NULL,NULL,NULL,NULL),(171,'Korg','PS-3200','1978 • Clavier, Module • Analogique • 2 oscillateurs • 1 enveloppe • 2 filtres • 2 lfos • 48 voix de polyphonie • Synthèse: Soustractive','https://synthetiseur.net/images/pt/korg-ps3200.jpg','100%','1 avis','2024-12-17 21:48:06','2024-12-17 21:48:06',NULL,NULL,NULL,NULL),(172,'Korg','MS-20','1978 • Clavier • Analogique • 2 oscillateurs • 2 enveloppes • 2 filtres • 1 lfo • Monophonique • Synthèse: Soustractive','https://synthetiseur.net/images/pt/korg-ms20.jpg','93%','11 avis','2024-12-17 21:48:06','2024-12-17 21:48:06',NULL,NULL,NULL,NULL),(173,'Korg','MS-10','1978 • Clavier • Analogique • 1 oscillateur • 1 filtre • 1 lfo • Monophonique • Multitimbral 0 parties • Synthèse: Soustractive','https://synthetiseur.net/images/pt/korg-ms10.jpg','93%','3 avis','2024-12-17 21:48:06','2024-12-17 21:48:06',NULL,NULL,NULL,NULL),(174,'Korg','PS-3300','1977 • Clavier, Module • Analogique • 3 oscillateurs • 3 enveloppes • 12 filtres • 6 lfos • 48 voix de polyphonie • Synthèse: Soustractive','https://synthetiseur.net/images/pt/korg-ps3300.jpg','90%','2 avis','2024-12-17 21:48:06','2024-12-17 21:48:06',NULL,NULL,NULL,NULL),(175,'Korg','PS-3100','1977 • Clavier, Module • Analogique • 1 oscillateur • 3 enveloppes • 12 filtres • 6 lfos • 48 voix de polyphonie • Synthèse: Soustractive','https://synthetiseur.net/images/pt/korg-ps3100_1.jpg','100%','2 avis','2024-12-17 21:48:06','2024-12-17 21:48:06',NULL,NULL,NULL,NULL),(176,'Korg','M500 Micropreset','1977 • Clavier • Analogique • 1 oscillateur • 1 enveloppe • 1 filtre • 1 lfo • Monophonique • Synthèse: Soustractive','https://synthetiseur.net/images/pt/korg-m500_1.jpg','80%','2 avis','2024-12-17 21:48:06','2024-12-17 21:48:06',NULL,NULL,NULL,NULL),(177,'Korg','PE-2000 Polyphonic Ensemble','1976 • Clavier • Analogique • 2 oscillateurs • 3 voix de polyphonie • Monotimbral • Synthèse: Soustractive','https://synthetiseur.net/images/pt/korg-pe2000_1.jpg','80%','2 avis','2024-12-17 21:48:06','2024-12-17 21:48:06',NULL,NULL,NULL,NULL),(178,'Korg','770','1976 • Clavier • Analogique • 2 oscillateurs • 2 lfos • Monophonique • Monotimbral • Synthèse: Soustractive','https://synthetiseur.net/images/pt/korg-770_1.jpg','100%','2 avis','2024-12-17 21:48:06','2024-12-17 21:48:06',NULL,NULL,NULL,NULL),(179,'Korg','Synthe-Bass SB-100','1975 • Clavier • Analogique • 1 oscillateur • 1 enveloppe • 1 filtre • Monophonique • Monotimbral • Synthèse: Soustractive','https://synthetiseur.net/images/pt/korg-synthebass.jpg','80%','1 avis','2024-12-17 21:48:06','2024-12-17 21:48:06',NULL,NULL,NULL,NULL),(180,'Korg','900PS Preset Synthetiser','1975 • Clavier • Analogique • 2 oscillateurs • Monophonique • Monotimbral • Synthèse: Soustractive','https://synthetiseur.net/images/pt/korg-900ps.jpg','60%','1 avis','2024-12-17 21:48:06','2024-12-17 21:48:06',NULL,NULL,NULL,NULL),(181,'Korg','Minikorg 700S','1974 • Clavier • Analogique • 2 oscillateurs • 1 enveloppe • 1 filtre • Monophonique • Monotimbral • Synthèse: Soustractive','https://synthetiseur.net/images/pt/korg-minikorg700s.jpg','100%','1 avis','2024-12-17 21:48:06','2024-12-17 21:48:06',NULL,NULL,NULL,NULL),(182,'Korg','Maxikorg 800 DV','1974 • Clavier • Analogique • 2 oscillateurs • 1 enveloppe • 1 filtre • 2 lfos • 2 voix de polyphonie • Monotimbral • Synthèse: Soustractive','https://synthetiseur.net/images/pt/korg-maxikorg_1.jpg','90%','2 avis','2024-12-17 21:48:06','2024-12-17 21:48:06',NULL,NULL,NULL,NULL),(183,'Korg','Minikorg 700','1972 • Clavier • Analogique • 1 oscillateur • Monophonique • Monotimbral • Synthèse: Soustractive','https://synthetiseur.net/images/pt/korg-minikorg700_1.jpg',NULL,NULL,'2024-12-17 21:48:06','2024-12-17 21:48:06',NULL,NULL,NULL,NULL),(184,'Roland','JX-08','2021 • Desktop • Analogique, Numérique • 2 oscillateurs • 1 enveloppe • 1 filtre • 1 lfo • 20 voix de polyphonie • Synthèse: Soustractive','https://synthetiseur.net/images/pt/roland-jx08_1.jpg','95%','4 avis','2024-12-17 21:48:06','2024-12-17 21:48:06',NULL,NULL,NULL,NULL),(185,'Roland','JD-08','2021 • Desktop • Numérique • 3 enveloppes • 1 filtre • 2 lfos • 128 voix de polyphonie • Synthèse: Linear Arithmetic, ROM, Soustractive','https://synthetiseur.net/images/pt/roland-jd08_1.jpg','100%','2 avis','2024-12-17 21:48:06','2024-12-17 21:48:06',NULL,NULL,NULL,NULL),(186,'Roland','SP-404 MkII','2021 • Desktop • Numérique • 1 oscillateur • 32 voix de polyphonie • Multitimbral 32 parties • Synthèse: Echantillonnage','https://synthetiseur.net/images/pt/roland-sp404mk2_1.jpg','95%','16 avis','2024-12-17 21:48:06','2024-12-17 21:48:06',NULL,NULL,NULL,NULL),(187,'Roland','Verselab MV-1','2021 • Desktop • Numérique • 128 voix de polyphonie • Synthèse: ROM, Echantillonnage','https://synthetiseur.net/images/pt/roland-mv1_1.jpg','96%','5 avis','2024-12-17 21:48:06','2024-12-17 21:48:06',NULL,NULL,NULL,NULL),(188,'Roland','TR-6S','2020 • Desktop • Numérique • 16 voix de polyphonie • Multitimbral 16 parties','https://synthetiseur.net/images/pt/roland-tr6s_1.jpg','90%','6 avis','2024-12-17 21:48:06','2024-12-17 21:48:06',NULL,NULL,NULL,NULL),(189,'Roland','TR-06','2020 • Desktop • Analogique • 7 voix de polyphonie • Multitimbral 7 parties','https://synthetiseur.net/images/pt/roland-tr06_1.jpg','100%','3 avis','2024-12-17 21:48:06','2024-12-17 21:48:06',NULL,NULL,NULL,NULL),(190,'Roland','Jupiter-X','2020 • Clavier • Analogique, Numérique • 4 oscillateurs • 2 enveloppes • 1 filtre • 1 lfo • 256 voix de polyphonie • Multitimbral 4 parties • Synthèse: Modélisation Physique, Soustractive','https://synthetiseur.net/images/pt/roland-jupiterx_1.jpg','90%','8 avis','2024-12-17 21:48:06','2024-12-17 21:48:06',NULL,NULL,NULL,NULL),(191,'Roland','JU-06A','2019 • Desktop • Numérique • 2 oscillateurs • 4 voix de polyphonie • Monotimbral • Synthèse: Virtuel Analogique','https://synthetiseur.net/images/pt/roland-ju06a_1.jpg','95%','15 avis','2024-12-17 21:48:06','2024-12-17 21:48:06',NULL,NULL,NULL,NULL),(192,'Roland','MC-101','2019 • Desktop • Numérique • 2 oscillateurs • 1 enveloppe • 1 filtre • 2 lfos • 128 voix de polyphonie • Multitimbral 16 parties • Synthèse: ROM, Echantillonnage','https://synthetiseur.net/images/pt/roland-mc101_1.jpg','77%','7 avis','2024-12-17 21:48:06','2024-12-17 21:48:06',NULL,NULL,NULL,NULL),(193,'Roland','MC-707','2019 • Desktop • Numérique • 2 oscillateurs • 1 enveloppe • 1 filtre • 2 lfos • 128 voix de polyphonie • Multitimbral 16 parties • Synthèse: ROM, Echantillonnage','https://synthetiseur.net/images/pt/roland-mc707_1.jpg','78%','9 avis','2024-12-17 21:48:06','2024-12-17 21:48:06',NULL,NULL,NULL,NULL),(194,'Roland','Jupiter-Xm','2019 • Clavier • Numérique • 1 oscillateur • 1 enveloppe • 1 filtre • 1 lfo • Multitimbral 5 parties • Synthèse: Modélisation Physique, Soustractive','https://synthetiseur.net/images/pt/roland-jupiterxm.jpg','98%','10 avis','2024-12-17 21:48:06','2024-12-17 21:48:06',NULL,NULL,NULL,NULL),(195,'Roland','TR-8S','2018 • Desktop • Numérique • 16 voix de polyphonie • Multitimbral 16 parties','https://synthetiseur.net/images/pt/roland-tr8s_1.jpg','95%','35 avis','2024-12-17 21:48:06','2024-12-17 21:48:06',NULL,NULL,NULL,NULL),(196,'Roland','AX-Edge','2018 • Clavier • Numérique • 32 oscillateurs • 1 filtre • 2 lfos • 256 voix de polyphonie • Multitimbral 4 parties • Synthèse: ROM','https://synthetiseur.net/images/pt/roland-axedge_1.jpg','97%','12 avis','2024-12-17 21:48:06','2024-12-17 21:48:06',NULL,NULL,NULL,NULL),(197,'Roland','SP-404A','2017 • Desktop • Numérique • 1 oscillateur • 12 voix de polyphonie • Multitimbral 12 parties • Synthèse: Echantillonnage','https://synthetiseur.net/images/pt/roland-sp404a_1.jpg','89%','7 avis','2024-12-17 21:48:06','2024-12-17 21:48:06',NULL,NULL,NULL,NULL),(198,'Roland','TR-08','2017 • Desktop • Numérique • 8 voix de polyphonie • Multitimbral 8 parties','https://synthetiseur.net/images/pt/roland-tr08_1.jpg','89%','22 avis','2024-12-17 21:48:06','2024-12-17 21:48:06',NULL,NULL,NULL,NULL),(199,'Roland','D-05','2017 • Desktop • Numérique • 4 oscillateurs • 2 enveloppes • 1 filtre • 1 lfo • 16 voix de polyphonie • Monotimbral • Synthèse: Linear Arithmetic','https://synthetiseur.net/images/pt/roland-d05_1.jpg','80%','2 avis','2024-12-17 21:48:06','2024-12-17 21:48:06',NULL,NULL,NULL,NULL),(200,'Roland','SH-01A','2017 • Desktop • Numérique • 1 oscillateur • 1 enveloppe • 1 filtre • 1 lfo • 4 voix de polyphonie • Monotimbral • Synthèse: Soustractive, Virtuel Analogique','https://synthetiseur.net/images/pt/roland-sh01a_1.jpg','92%','13 avis','2024-12-17 21:48:06','2024-12-17 21:48:06',NULL,NULL,NULL,NULL),(201,'Roland','SE-02','2017 • Desktop • Analogique • 3 oscillateurs • 2 enveloppes • 1 filtre • 1 lfo • Monophonique • Synthèse: Soustractive','https://synthetiseur.net/images/pt/roland-se02_1.jpg','96%','17 avis','2024-12-17 21:48:06','2024-12-17 21:48:06',NULL,NULL,NULL,NULL),(202,'Roland','RD-2000','2017 • Clavier • Numérique • 1 enveloppe • 1 filtre • 1 lfo • Multitimbral 16 parties • Synthèse: Modélisation Physique, ROM','https://synthetiseur.net/images/pt/roland-rd-2000_1.jpg','89%','15 avis','2024-12-17 21:48:06','2024-12-17 21:48:06',NULL,NULL,NULL,NULL),(203,'Roland','TR-09','2016 • Console (stand alone), Desktop • Numérique • 10 voix de polyphonie • Multitimbral 10 parties','https://synthetiseur.net/images/pt/roland-tr09_1.jpg','73%','3 avis','2024-12-17 21:48:06','2024-12-17 21:48:06',NULL,NULL,NULL,NULL),(204,'Roland','TB-03','2016 • Desktop • Numérique • 1 oscillateur • 1 enveloppe • Monophonique • Monotimbral • Synthèse: Virtuel Analogique','https://synthetiseur.net/images/pt/roland-tb03_1.jpg','91%','20 avis','2024-12-17 21:48:06','2024-12-17 21:48:06',NULL,NULL,NULL,NULL),(205,'Roland','VP-03 Vocoder','2016 • Desktop • Numérique • 3 oscillateurs • 6 voix de polyphonie • Monotimbral • Synthèse: Virtuel Analogique','https://synthetiseur.net/images/pt/roland-vp03vocoder_1.jpg','70%','2 avis','2024-12-17 21:48:06','2024-12-17 21:48:06',NULL,NULL,NULL,NULL),(206,'Roland','System 8','2016 • Clavier • Numérique • 3 oscillateurs • 2 enveloppes • 1 filtre • 1 lfo • 8 voix de polyphonie • Monotimbral • Synthèse: Virtuel Analogique','https://synthetiseur.net/images/pt/roland-system8_1.jpg','93%','15 avis','2024-12-17 21:48:06','2024-12-17 21:48:06',NULL,NULL,NULL,NULL),(207,'Roland','System 500','2016 • Desktop • Analogique • 2 oscillateurs • 2 enveloppes • 2 filtres • 2 lfos • 2 voix de polyphonie • Multitimbral 2 parties • Synthèse: Soustractive','https://synthetiseur.net/images/pt/roland-system500_1.jpg','80%','1 avis','2024-12-17 21:48:06','2024-12-17 21:48:06',NULL,NULL,NULL,NULL),(208,'Roland','JD-XA','2015 • Clavier • Analogique, Numérique • 16 oscillateurs • 1 lfo • 68 voix de polyphonie • Multitimbral 8 parties • Synthèse: ROM, Soustractive','https://synthetiseur.net/images/pt/roland-jdxa_1.jpg','100%','1 avis','2024-12-17 21:48:06','2024-12-17 21:48:06',NULL,NULL,NULL,NULL),(209,'Roland','JP-08','2015 • Desktop, Clavier • Numérique • 2 oscillateurs • 1 filtre • 1 lfo • 4 voix de polyphonie • Monotimbral • Synthèse: Virtuel Analogique','https://synthetiseur.net/images/pt/roland-jp08_1.jpg','70%','2 avis','2024-12-17 21:48:06','2024-12-17 21:48:06',NULL,NULL,NULL,NULL),(210,'Roland','JX-03','2015 • Desktop, Clavier • Numérique • 2 oscillateurs • 1 filtre • 1 lfo • 4 voix de polyphonie • Monotimbral • Synthèse: Soustractive, SuperSaw','https://synthetiseur.net/images/pt/roland-jx03_1.jpg','80%','1 avis','2024-12-17 21:48:06','2024-12-17 21:48:06',NULL,NULL,NULL,NULL),(211,'Roland','JU-06','2015 • Desktop, Clavier • Numérique • 2 oscillateurs • 4 voix de polyphonie • Monotimbral • Synthèse: Virtuel Analogique','https://synthetiseur.net/images/pt/roland-ju06_1.jpg','100%','1 avis','2024-12-17 21:48:06','2024-12-17 21:48:06',NULL,NULL,NULL,NULL),(212,'Roland','Juno-DS','2015 • Clavier • Numérique • 2 oscillateurs • 128 voix de polyphonie • Multitimbral 16 parties • Synthèse: ROM, Echantillonnage','https://synthetiseur.net/images/pt/roland-junods_1.jpg','95%','28 avis','2024-12-17 21:48:06','2024-12-17 21:48:06',NULL,NULL,NULL,NULL),(213,'Roland','Aira System-1m','2015 • Clavier, Rack • Numérique • 2 oscillateurs • 2 enveloppes • 2 filtres • 1 lfo • 4 voix de polyphonie • Synthèse: Virtuel Analogique','https://synthetiseur.net/images/pt/roland-system1m_1.jpg','91%','7 avis','2024-12-17 21:48:06','2024-12-17 21:48:06',NULL,NULL,NULL,NULL),(214,'Roland','JD-Xi','2015 • Clavier • Numérique • 29 oscillateurs • 1 enveloppe • 1 filtre • 1 lfo • 129 voix de polyphonie • Multitimbral 4 parties • Synthèse: ROM, Virtuel Analogique, Tables d\'Ondes','https://synthetiseur.net/images/pt/roland-jdxi_1.jpg','84%','18 avis','2024-12-17 21:48:06','2024-12-17 21:48:06',NULL,NULL,NULL,NULL),(215,'Roland','XPS-30','2014 • Clavier • Numérique • 2 oscillateurs • 1 enveloppe • 1 filtre • 1 lfo • 128 voix de polyphonie • Multitimbral 16 parties • Synthèse: ROM','https://synthetiseur.net/images/pt/roland-xps30_1.jpg','80%','1 avis','2024-12-17 21:48:06','2024-12-17 21:48:06',NULL,NULL,NULL,NULL),(216,'Roland','FA-06/07/08','2014 • Clavier • Numérique • 2 oscillateurs • 3 enveloppes • 1 filtre • 3 lfos • 128 voix de polyphonie • Multitimbral 16 parties • Synthèse: ROM, Echantillonnage','https://synthetiseur.net/images/pt/roland-fa06_1.jpg','93%','19 avis','2024-12-17 21:48:06','2024-12-17 21:48:06',NULL,NULL,NULL,NULL),(217,'Roland','XPS-10','2014 • Clavier • Numérique • 2 oscillateurs • 1 enveloppe • 1 filtre • 1 lfo • 128 voix de polyphonie • Multitimbral 16 parties • Synthèse: ROM','https://synthetiseur.net/images/pt/roland-xps10_1.jpg','80%','1 avis','2024-12-17 21:48:06','2024-12-17 21:48:06',NULL,NULL,NULL,NULL),(218,'Roland','Aira TB-3','2014 • Desktop • Numérique • 4 oscillateurs • 1 filtre • Monophonique • Synthèse: Virtuel Analogique','https://synthetiseur.net/images/pt/roland-airatb3_1.jpg','85%','16 avis','2024-12-17 21:48:06','2024-12-17 21:48:06',NULL,NULL,NULL,NULL),(219,'Roland','TR-8','2014 • Desktop • Numérique • 16 voix de polyphonie • Multitimbral 16 parties','https://synthetiseur.net/images/pt/roland-tr8.jpg','90%','2 avis','2024-12-17 21:48:06','2024-12-17 21:48:06',NULL,NULL,NULL,NULL),(220,'Roland','Aira System-1','2014 • Clavier • Numérique • 2 oscillateurs • 1 enveloppe • 1 filtre • 1 lfo • 4 voix de polyphonie • Synthèse: Virtuel Analogique','https://synthetiseur.net/images/pt/roland-airasystem1.jpg','90%','2 avis','2024-12-17 21:48:06','2024-12-17 21:48:06',NULL,NULL,NULL,NULL),(221,'Roland','V-Combo VR-09','2013 • Clavier • Numérique • 4 oscillateurs • 1 enveloppe • 1 filtre • 1 lfo • 128 voix de polyphonie • Multitimbral 7 parties • Synthèse: Modélisation Physique, ROM','https://synthetiseur.net/images/pt/roland-vcombo.jpg','90%','12 avis','2024-12-17 21:48:06','2024-12-17 21:48:06',NULL,NULL,NULL,NULL),(222,'Roland','A-49','2012 • Clavier • 49 touches sensibles à la vélocité','https://synthetiseur.net/images/pt/roland-a49_1.jpg','87%','17 avis','2024-12-17 21:48:06','2024-12-17 21:48:06',NULL,NULL,NULL,NULL),(223,'Roland','Integra-7','2012 • Desktop, Module • Numérique • 1 enveloppe • 1 filtre • 1 lfo • 128 voix de polyphonie • Multitimbral 16 parties • Synthèse: Modélisation Physique, ROM','https://synthetiseur.net/images/pt/roland-integra7_1.jpg','97%','29 avis','2024-12-17 21:48:06','2024-12-17 21:48:06',NULL,NULL,NULL,NULL),(224,'Roland','Jupiter 80','2011 • Clavier • Numérique • 4 oscillateurs • 256 voix de polyphonie • Multitimbral 4 parties • Synthèse: Modélisation Physique, ROM, Virtuel Analogique','https://synthetiseur.net/images/pt/roland-jupiter80_1.jpg','100%','1 avis','2024-12-17 21:48:06','2024-12-17 21:48:06',NULL,NULL,NULL,NULL),(225,'Roland','Jupiter 50','2011 • Clavier • Numérique • 4 oscillateurs • 128 voix de polyphonie • Multitimbral 3 parties • Synthèse: ROM','https://synthetiseur.net/images/pt/roland-jupiter50.jpg','80%','1 avis','2024-12-17 21:48:06','2024-12-17 21:48:06',NULL,NULL,NULL,NULL),(226,'Roland','GR-55','2011 • Pedal • Numérique • Multitimbral 4 parties • Synthèse: Modélisation Physique, ROM, Virtuel Analogique','https://synthetiseur.net/images/pt/roland-gr55_1.jpg','86%','32 avis','2024-12-17 21:48:06','2024-12-17 21:48:06',NULL,NULL,NULL,NULL),(227,'Roland','SP-404SX','2011 • Desktop • Numérique • 1 oscillateur • 12 voix de polyphonie • Multitimbral 12 parties • Synthèse: Echantillonnage','https://synthetiseur.net/images/pt/roland-sp404sx_1.jpg','90%','4 avis','2024-12-17 21:48:06','2024-12-17 21:48:06',NULL,NULL,NULL,NULL),(228,'Roland','Lucina','2010 • Clavier • Numérique • 2 oscillateurs • 128 voix de polyphonie • Monotimbral • Synthèse: ROM','https://synthetiseur.net/images/pt/roland-lucina_1.jpg','90%','4 avis','2024-12-17 21:48:06','2024-12-17 21:48:06',NULL,NULL,NULL,NULL),(229,'Roland','Gaia SH-01','2010 • Clavier • Numérique • 3 oscillateurs • 1 filtre • 1 lfo • 64 voix de polyphonie • Synthèse: ROM, Virtuel Analogique','https://synthetiseur.net/images/pt/roland-gaia_1.jpg','80%','5 avis','2024-12-17 21:48:06','2024-12-17 21:48:06',NULL,NULL,NULL,NULL),(230,'Roland','AX-Synth','2009 • Clavier • Numérique • 2 oscillateurs • 128 voix de polyphonie • Monotimbral • Synthèse: ROM, Soustractive, SuperSaw','https://synthetiseur.net/images/pt/roland-axsynth_1.jpg','80%','4 avis','2024-12-17 21:48:06','2024-12-17 21:48:06',NULL,NULL,NULL,NULL),(231,'Roland','Juno-Di','2009 • Clavier • Numérique • 2 oscillateurs • 1 enveloppe • 1 filtre • 1 lfo • 2 voix de polyphonie • Multitimbral 16 parties • Synthèse: ROM, Echantillonnage','https://synthetiseur.net/images/pt/roland-junodi_1.jpg','100%','2 avis','2024-12-17 21:48:06','2024-12-17 21:48:06',NULL,NULL,NULL,NULL),(232,'Roland','Juno-Stage','2008 • Clavier • Numérique • 4 oscillateurs • 1 filtre • 1 lfo • 128 voix de polyphonie • Multitimbral 16 parties • Synthèse: 9 types de synthèse','https://synthetiseur.net/images/pt/roland-junostage_1.jpg','100%','1 avis','2024-12-17 21:48:06','2024-12-17 21:48:06',NULL,NULL,NULL,NULL),(233,'Roland','Fantom-G','2008 • Clavier • Numérique • 4 oscillateurs • 1 enveloppe • 1 filtre • 1 lfo • 128 voix de polyphonie • Multitimbral 16 parties • Synthèse: Modélisation Physique, ROM, Echantillonnage','https://synthetiseur.net/images/pt/roland-fantomg_1.jpg','60%','1 avis','2024-12-17 21:48:06','2024-12-17 21:48:06',NULL,NULL,NULL,NULL),(234,'Roland','GW-8','2008 • Clavier • Numérique • 128 voix de polyphonie • Multitimbral 16 parties • Synthèse: ROM','https://synthetiseur.net/images/pt/roland-gw8.jpg','60%','1 avis','2024-12-17 21:48:06','2024-12-17 21:48:06',NULL,NULL,NULL,NULL),(235,'Roland','V-Synth GT','2007 • Clavier • Numérique • 2 filtres • 2 lfos • 28 voix de polyphonie • Multitimbral 16 parties • Synthèse: 4 types de synthèse','https://synthetiseur.net/images/pt/roland-vsynthgt_1.jpg','100%','1 avis','2024-12-17 21:48:06','2024-12-17 21:48:06',NULL,NULL,NULL,NULL),(236,'Roland','VG-99','2007 • Desktop • Numérique • 2 enveloppes • 1 filtre • 1 lfo • 6 voix de polyphonie • Multitimbral 2 parties • Synthèse: Modélisation Physique, Virtuel Analogique','https://synthetiseur.net/images/pt/roland-vg99_1.jpg','80%','1 avis','2024-12-17 21:48:06','2024-12-17 21:48:06',NULL,NULL,NULL,NULL),(237,'Roland','SP-555','2007 • Desktop, Pedal • Numérique • 1 oscillateur • 12 voix de polyphonie • Multitimbral 16 parties • Synthèse: Echantillonnage','https://synthetiseur.net/images/pt/roland-sp555_1.jpg','90%','2 avis','2024-12-17 21:48:06','2024-12-17 21:48:06',NULL,NULL,NULL,NULL),(238,'Roland','SonicCell','2007 • Desktop • Numérique • 4 oscillateurs • 2 enveloppes • 2 filtres • 2 lfos • 128 voix de polyphonie • Multitimbral 16 parties • Synthèse: ROM','https://synthetiseur.net/images/pt/roland-soniccell_1.jpg','100%','2 avis','2024-12-17 21:48:06','2024-12-17 21:48:06',NULL,NULL,NULL,NULL),(239,'Roland','MC-808','2006 • Desktop • Numérique • 2 oscillateurs • 1 enveloppe • 1 filtre • 2 lfos • 128 voix de polyphonie • Multitimbral 16 parties • Synthèse: ROM, Echantillonnage','https://synthetiseur.net/images/pt/roland-mc808.jpg','100%','1 avis','2024-12-17 21:48:06','2024-12-17 21:48:06',NULL,NULL,NULL,NULL),(240,'Roland','Juno-G','2006 • Clavier • Numérique • 4 oscillateurs • 2 enveloppes • 2 filtres • 2 lfos • 128 voix de polyphonie • Multitimbral 16 parties • Synthèse: ROM, Echantillonnage','https://synthetiseur.net/images/pt/roland-junog_1.jpg','20%','1 avis','2024-12-17 21:48:06','2024-12-17 21:48:06',NULL,NULL,NULL,NULL),(241,'Roland','SH-201','2006 • Clavier • Numérique • 2 oscillateurs • 3 enveloppes • 1 lfo • 8 voix de polyphonie • Multitimbral 2 parties • Synthèse: Virtuel Analogique','https://synthetiseur.net/images/pt/roland-sh201_1.jpg','90%','2 avis','2024-12-17 21:48:06','2024-12-17 21:48:06',NULL,NULL,NULL,NULL),(242,'Roland','V-Synth XT','2006 • Rack • Numérique • 2 filtres • 2 lfos • 24 voix de polyphonie • Multitimbral 16 parties • Synthèse: 6 types de synthèse','https://synthetiseur.net/images/pt/roland-vsynthxt_1.jpg','100%','1 avis','2024-12-17 21:48:06','2024-12-17 21:48:06',NULL,NULL,NULL,NULL),(243,'Roland','SP-404','2005 • Desktop • Numérique • 1 oscillateur • 12 voix de polyphonie • Multitimbral 12 parties • Synthèse: Echantillonnage','https://synthetiseur.net/images/pt/roland-sp404_1.jpg','80%','1 avis','2024-12-17 21:48:06','2024-12-17 21:48:06',NULL,NULL,NULL,NULL),(244,'Roland','Fantom-Xa','2004 • Clavier • Numérique • 4 oscillateurs • 2 enveloppes • 2 filtres • 2 lfos • 128 voix de polyphonie • Multitimbral 16 parties • Synthèse: ROM, Echantillonnage','https://synthetiseur.net/images/pt/roland-fantomxa.jpg','60%','1 avis','2024-12-17 21:48:06','2024-12-17 21:48:06',NULL,NULL,NULL,NULL),(245,'Roland','GR-20','2004 • Pedal • Numérique • 2 oscillateurs • 1 enveloppe • 48 voix de polyphonie • Synthèse: ROM','https://synthetiseur.net/images/pt/roland-gr20_1.jpg','90%','2 avis','2024-12-17 21:48:06','2024-12-17 21:48:06',NULL,NULL,NULL,NULL),(246,'Roland','Juno-D','2004 • Clavier • Numérique • 2 oscillateurs • 1 enveloppe • 1 filtre • 1 lfo • 64 voix de polyphonie • Multitimbral 16 parties • Synthèse: ROM','https://synthetiseur.net/images/pt/roland-junod_1.jpg','80%','2 avis','2024-12-17 21:48:06','2024-12-17 21:48:06',NULL,NULL,NULL,NULL),(247,'Roland','Fantom-X','2004 • Clavier • Numérique • 4 oscillateurs • 2 enveloppes • 2 filtres • 2 lfos • 128 voix de polyphonie • Multitimbral 16 parties • Synthèse: ROM, Echantillonnage','https://synthetiseur.net/images/pt/roland-fantomx_1.jpg','100%','3 avis','2024-12-17 21:48:06','2024-12-17 21:48:06',NULL,NULL,NULL,NULL),(248,'Roland','Fantom-XR','2004 • Rack • Numérique • 4 oscillateurs • 2 enveloppes • 2 filtres • 2 lfos • 128 voix de polyphonie • Multitimbral 16 parties • Synthèse: ROM, Echantillonnage','https://synthetiseur.net/images/pt/roland-fantomxr.jpg','70%','2 avis','2024-12-17 21:48:06','2024-12-17 21:48:06',NULL,NULL,NULL,NULL),(249,'Roland','SP-606','2004 • Desktop • Numérique • 1 oscillateur • 8 voix de polyphonie • Multitimbral 8 parties • Synthèse: Echantillonnage','https://synthetiseur.net/images/pt/roland-sp606.jpg','100%','1 avis','2024-12-17 21:48:06','2024-12-17 21:48:06',NULL,NULL,NULL,NULL),(250,'Roland','RS-50','2003 • Clavier • Numérique • 2 oscillateurs • 2 enveloppes • 1 filtre • 2 lfos • 64 voix de polyphonie • Multitimbral 16 parties • Synthèse: ROM','https://synthetiseur.net/images/pt/roland-rs50.jpg','80%','1 avis','2024-12-17 21:48:06','2024-12-17 21:48:06',NULL,NULL,NULL,NULL),(251,'Roland','Fantom-S','2003 • Clavier • Numérique • 4 oscillateurs • 2 enveloppes • 1 filtre • 2 lfos • 64 voix de polyphonie • Multitimbral 16 parties • Synthèse: ROM, Echantillonnage','https://synthetiseur.net/images/pt/roland-fantoms.jpg','100%','1 avis','2024-12-17 21:48:06','2024-12-17 21:48:06',NULL,NULL,NULL,NULL),(252,'Roland','RS-70','2003 • Clavier • Numérique • 2 oscillateurs • 1 enveloppe • 1 filtre • 2 lfos • 64 voix de polyphonie • Multitimbral 16 parties • Synthèse: ROM','https://synthetiseur.net/images/pt/roland-rs70.jpg','80%','1 avis','2024-12-17 21:48:06','2024-12-17 21:48:06',NULL,NULL,NULL,NULL),(253,'Roland','V-Synth','2003 • Clavier • Numérique • 1 filtre • 2 lfos • 24 voix de polyphonie • Synthèse: 4 types de synthèse','https://synthetiseur.net/images/pt/roland-vsynth_1.jpg','100%','1 avis','2024-12-17 21:48:06','2024-12-17 21:48:06',NULL,NULL,NULL,NULL),(254,'Roland','XV-2020','2002 • Desktop, Rack • Numérique • 4 oscillateurs • 2 enveloppes • 1 filtre • 1 lfo • 64 voix de polyphonie • Multitimbral 16 parties • Synthèse: ROM','https://synthetiseur.net/images/pt/roland-xv2020.jpg','100%','1 avis','2024-12-17 21:48:06','2024-12-17 21:48:06',NULL,NULL,NULL,NULL),(255,'Roland','SH-32','2002 • Desktop • Numérique • 2 oscillateurs • 2 enveloppes • 1 filtre • 2 lfos • 32 voix de polyphonie • Multitimbral 4 parties • Synthèse: Virtuel Analogique','https://synthetiseur.net/images/pt/roland-sh32.jpg','78%','10 avis','2024-12-17 21:48:06','2024-12-17 21:48:06',NULL,NULL,NULL,NULL),(256,'Roland','MC-909','2002 • Desktop • Numérique • 2 oscillateurs • 1 enveloppe • 1 filtre • 2 lfos • 64 voix de polyphonie • Multitimbral 16 parties • Synthèse: ROM, Echantillonnage','https://synthetiseur.net/images/pt/roland-mc909_1.jpg','100%','3 avis','2024-12-17 21:48:06','2024-12-17 21:48:06',NULL,NULL,NULL,NULL),(257,'Roland','GR-33','2001 • Pedal • Numérique • 2 oscillateurs • 1 enveloppe • 1 lfo • 48 voix de polyphonie • Synthèse: ROM','https://synthetiseur.net/images/pt/roland-gr33.jpg','70%','2 avis','2024-12-17 21:48:06','2024-12-17 21:48:06',NULL,NULL,NULL,NULL),(258,'Roland','XV-5050','2001 • Module • Numérique • 4 oscillateurs • 1 filtre • 2 lfos • 64 voix de polyphonie • Multitimbral 16 parties • Synthèse: ROM','https://synthetiseur.net/images/pt/roland-xv5050.jpg','88%','8 avis','2024-12-17 21:48:06','2024-12-17 21:48:06',NULL,NULL,NULL,NULL),(259,'Roland','Fantom','2001 • Clavier • Numérique • 4 oscillateurs • 2 enveloppes • 1 filtre • 2 lfos • 64 voix de polyphonie • Multitimbral 16 parties • Synthèse: ROM','https://synthetiseur.net/images/pt/roland-fantom.jpg','73%','3 avis','2024-12-17 21:48:06','2024-12-17 21:48:06',NULL,NULL,NULL,NULL),(260,'Roland','D2','2001 • Desktop • Numérique • 2 oscillateurs • 1 enveloppe • 1 filtre • 2 lfos • 64 voix de polyphonie • Multitimbral 16 parties • Synthèse: ROM','https://synthetiseur.net/images/pt/roland-d2.jpg','80%','3 avis','2024-12-17 21:48:06','2024-12-17 21:48:06',NULL,NULL,NULL,NULL),(261,'Roland','VG-88','2000 • Pedal • Numérique • 1 enveloppe • 1 filtre • 1 lfo • 6 voix de polyphonie • Synthèse: Modélisation Physique, Virtuel Analogique','https://synthetiseur.net/images/pt/roland-vg88_1.jpg',NULL,NULL,'2024-12-17 21:48:06','2024-12-17 21:48:06',NULL,NULL,NULL,NULL),(262,'Roland','XV-88','2000 • Clavier • Numérique • 4 oscillateurs • 1 enveloppe • 1 filtre • 2 lfos • 128 voix de polyphonie • Multitimbral 16 parties • Synthèse: ROM','https://synthetiseur.net/images/pt/roland-xv88.jpg','90%','2 avis','2024-12-17 21:48:06','2024-12-17 21:48:06',NULL,NULL,NULL,NULL),(263,'Roland','XV-5080','2000 • Rack • Numérique • 4 oscillateurs • 1 filtre • 2 lfos • 128 voix de polyphonie • Multitimbral 32 parties • Synthèse: ROM','https://synthetiseur.net/images/pt/roland-xv5080.jpg','63%','6 avis','2024-12-17 21:48:06','2024-12-17 21:48:06',NULL,NULL,NULL,NULL),(264,'Roland','XV-3080','2000 • Module • Numérique • 4 oscillateurs • 1 enveloppe • 1 filtre • 2 lfos • 128 voix de polyphonie • Multitimbral 16 parties • Synthèse: ROM','https://synthetiseur.net/images/pt/roland-xv3080.jpg','60%','4 avis','2024-12-17 21:48:06','2024-12-17 21:48:06',NULL,NULL,NULL,NULL),(265,'Roland','RS-9','2000 • Clavier • Numérique • 2 oscillateurs • 1 filtre • 2 lfos • 64 voix de polyphonie • Multitimbral 16 parties • Synthèse: ROM','https://synthetiseur.net/images/pt/roland-rs9.jpg','93%','3 avis','2024-12-17 21:48:06','2024-12-17 21:48:06',NULL,NULL,NULL,NULL),(266,'Roland','RS-5','2000 • Clavier • Numérique • 2 oscillateurs • 1 filtre • 2 lfos • 64 voix de polyphonie • Multitimbral 16 parties • Synthèse: ROM','https://synthetiseur.net/images/pt/roland-rs5.jpg','92%','5 avis','2024-12-17 21:48:06','2024-12-17 21:48:06',NULL,NULL,NULL,NULL),(267,'Roland','XP-30','1999 • Clavier • Numérique • 4 oscillateurs • 1 enveloppe • 1 filtre • 2 lfos • 64 voix de polyphonie • Multitimbral 16 parties • Synthèse: ROM','https://synthetiseur.net/images/pt/roland-xp30.jpg','89%','7 avis','2024-12-17 21:48:06','2024-12-17 21:48:06',NULL,NULL,NULL,NULL),(268,'Roland','MC-307','1999 • Desktop • Numérique • 2 oscillateurs • 1 enveloppe • 1 filtre • 2 lfos • 64 voix de polyphonie • Multitimbral 24 parties • Synthèse: ROM','https://synthetiseur.net/images/pt/roland-mc307.jpg','80%','3 avis','2024-12-17 21:48:06','2024-12-17 21:48:06',NULL,NULL,NULL,NULL),(269,'Roland','JV-1010','1999 • Desktop, Rack • Numérique • 4 oscillateurs • 1 enveloppe • 1 filtre • 2 lfos • 64 voix de polyphonie • Multitimbral 16 parties • Synthèse: ROM','https://synthetiseur.net/images/pt/roland-jv1010.jpg','92%','5 avis','2024-12-17 21:48:06','2024-12-17 21:48:06',NULL,NULL,NULL,NULL),(270,'Roland','GR-30','1998 • Pedal • Numérique • 2 oscillateurs • 1 enveloppe • 1 lfo • 28 voix de polyphonie • Synthèse: ROM','https://synthetiseur.net/images/pt/roland-gr30.jpg','100%','2 avis','2024-12-17 21:48:06','2024-12-17 21:48:06',NULL,NULL,NULL,NULL),(271,'Roland','XP-60','1998 • Clavier • Numérique • 4 oscillateurs • 2 filtres • 2 lfos • 64 voix de polyphonie • Multitimbral 16 parties • Synthèse: ROM','https://synthetiseur.net/images/pt/roland-xp60_1.jpg','70%','6 avis','2024-12-17 21:48:06','2024-12-17 21:48:06',NULL,NULL,NULL,NULL),(272,'Roland','SPD-20','1998 • Desktop • Numérique • 2 oscillateurs • 14 voix de polyphonie • Synthèse: ROM','https://synthetiseur.net/images/pt/roland-spd20.jpg','100%','1 avis','2024-12-17 21:48:06','2024-12-17 21:48:06',NULL,NULL,NULL,NULL),(273,'Roland','SP-808','1998 • Desktop • Numérique • 1 oscillateur • 1 enveloppe • 1 filtre • 1 lfo • 8 voix de polyphonie • Multitimbral 16 parties • Synthèse: Echantillonnage, Virtuel Analogique','https://synthetiseur.net/images/pt/roland-sp808_1.jpg','87%','3 avis','2024-12-17 21:48:06','2024-12-17 21:48:06',NULL,NULL,NULL,NULL),(274,'Roland','MC-505','1998 • Desktop • Numérique • 2 oscillateurs • 1 enveloppe • 1 filtre • 1 lfo • 64 voix de polyphonie • Multitimbral 24 parties • Synthèse: Modélisation Physique, ROM','https://synthetiseur.net/images/pt/roland-mc505_1.jpg','80%','14 avis','2024-12-17 21:48:06','2024-12-17 21:48:06',NULL,NULL,NULL,NULL),(275,'Roland','JX-305','1998 • Clavier • Numérique • 2 oscillateurs • 2 enveloppes • 1 filtre • 2 lfos • 64 voix de polyphonie • Multitimbral 24 parties • Synthèse: ROM','https://synthetiseur.net/images/pt/roland-jx305_1.jpg','100%','3 avis','2024-12-17 21:48:06','2024-12-17 21:48:06',NULL,NULL,NULL,NULL),(276,'Roland','JP-8080','1998 • Desktop, Rack • Numérique • 2 oscillateurs • 1 enveloppe • 1 filtre • 2 lfos • 10 voix de polyphonie • Multitimbral 2 parties • Synthèse: Virtuel Analogique','https://synthetiseur.net/images/pt/roland-jp8080.jpg','100%','2 avis','2024-12-17 21:48:06','2024-12-17 21:48:06',NULL,NULL,NULL,NULL),(277,'Roland','JV-2080','1997 • Rack • Numérique • 4 oscillateurs • 2 enveloppes • 2 filtres • 2 lfos • 64 voix de polyphonie • Multitimbral 16 parties • Synthèse: ROM','https://synthetiseur.net/images/pt/roland-jv2080.jpg','100%','2 avis','2024-12-17 21:48:06','2024-12-17 21:48:06',NULL,NULL,NULL,NULL),(278,'Roland','XP-80','1996 • Clavier • Numérique • 4 oscillateurs • 2 enveloppes • 2 lfos • 64 voix de polyphonie • Multitimbral 16 parties • Synthèse: ROM','https://synthetiseur.net/images/pt/roland-xp80_1.jpg','90%','6 avis','2024-12-17 21:48:06','2024-12-17 21:48:06',NULL,NULL,NULL,NULL),(279,'Roland','MC-303','1996 • Desktop • Numérique • 1 oscillateur • 1 enveloppe • 1 filtre • 1 lfo • 28 voix de polyphonie • Multitimbral 16 parties • Synthèse: ROM','https://synthetiseur.net/images/pt/roland-mc303_1.jpg','67%','36 avis','2024-12-17 21:48:06','2024-12-17 21:48:06',NULL,NULL,NULL,NULL),(280,'Roland','JP-8000','1996 • Clavier • Numérique • 2 oscillateurs • 1 enveloppe • 1 filtre • 1 lfo • 8 voix de polyphonie • Multitimbral 2 parties • Synthèse: Virtuel Analogique','https://synthetiseur.net/images/pt/roland-jp8000_1.jpg','80%','10 avis','2024-12-17 21:48:06','2024-12-17 21:48:06',NULL,NULL,NULL,NULL),(281,'Roland','VG-8','1995 • Pedal • Numérique • 1 enveloppe • 1 filtre • 6 voix de polyphonie • Synthèse: Modélisation Physique, Virtuel Analogique','https://synthetiseur.net/images/pt/roland-vg8.jpg',NULL,NULL,'2024-12-17 21:48:06','2024-12-17 21:48:06',NULL,NULL,NULL,NULL),(282,'Roland','XP-50','1995 • Clavier • Numérique • 4 oscillateurs • 1 enveloppe • 2 filtres • 8 lfos • 64 voix de polyphonie • Multitimbral 16 parties • Synthèse: ROM','https://synthetiseur.net/images/pt/roland-xp50.jpg','87%','6 avis','2024-12-17 21:48:06','2024-12-17 21:48:06',NULL,NULL,NULL,NULL),(283,'Roland','XP-10','1995 • Module • Numérique • 2 oscillateurs • 1 enveloppe • 1 filtre • 2 lfos • 28 voix de polyphonie • Multitimbral 16 parties • Synthèse: ROM','https://synthetiseur.net/images/pt/roland-xp10.jpg','90%','6 avis','2024-12-17 21:48:06','2024-12-17 21:48:06',NULL,NULL,NULL,NULL),(284,'Roland','GR-09','1994 • Pedal • Numérique • 2 oscillateurs • 1 enveloppe • 1 lfo • 28 voix de polyphonie • Synthèse: ROM','https://synthetiseur.net/images/pt/roland-gr09.jpg','80%','1 avis','2024-12-17 21:48:06','2024-12-17 21:48:06',NULL,NULL,NULL,NULL),(285,'Roland','SC-88','1994 • Module • 1 oscillateur • 64 voix de polyphonie • Multitimbral 32 parties','https://synthetiseur.net/images/pt/roland-sc88.jpg','100%','1 avis','2024-12-17 21:48:06','2024-12-17 21:48:06',NULL,NULL,NULL,NULL),(286,'Roland','S-760','1994 • Rack • Numérique • 1 enveloppe • 1 filtre • 1 lfo • 24 voix de polyphonie • Multitimbral 16 parties • Synthèse: Echantillonnage','https://synthetiseur.net/images/pt/roland-s760.jpg','100%','4 avis','2024-12-17 21:48:06','2024-12-17 21:48:06',NULL,NULL,NULL,NULL),(287,'Roland','JV-1080 SuperJV','1994 • Rack • Numérique • 4 oscillateurs • 1 enveloppe • 1 filtre • 2 lfos • 64 voix de polyphonie • Multitimbral 16 parties • Synthèse: ROM','https://synthetiseur.net/images/pt/roland-jv1080.jpg','94%','7 avis','2024-12-17 21:48:06','2024-12-17 21:48:06',NULL,NULL,NULL,NULL),(288,'Roland','JV-1000','1993 • Clavier • Numérique • 2 oscillateurs • 1 enveloppe • 1 filtre • 1 lfo • 28 voix de polyphonie • Multitimbral 8 parties • Synthèse: ROM','https://synthetiseur.net/images/pt/roland-jv1000.jpg','88%','5 avis','2024-12-17 21:48:06','2024-12-17 21:48:06',NULL,NULL,NULL,NULL),(289,'Roland','JV-90','1993 • Clavier • Numérique • 4 oscillateurs • 2 enveloppes • 1 filtre • 1 lfo • 28 voix de polyphonie • Multitimbral 16 parties • Synthèse: ROM','https://synthetiseur.net/images/pt/roland-jv90.jpg','80%','1 avis','2024-12-17 21:48:06','2024-12-17 21:48:06',NULL,NULL,NULL,NULL),(290,'Roland','JV-50','1993 • Clavier • Numérique • 2 oscillateurs • 1 filtre • 1 lfo • 28 voix de polyphonie • Multitimbral 16 parties • Synthèse: ROM','https://synthetiseur.net/images/pt/roland-jv50.jpg','100%','1 avis','2024-12-17 21:48:06','2024-12-17 21:48:06',NULL,NULL,NULL,NULL),(291,'Roland','JV-35','1993 • Clavier • Numérique • 2 oscillateurs • 1 enveloppe • 1 filtre • 1 lfo • 28 voix de polyphonie • Multitimbral 16 parties • Synthèse: ROM','https://synthetiseur.net/images/pt/roland-jv35.jpg','80%','1 avis','2024-12-17 21:48:06','2024-12-17 21:48:06',NULL,NULL,NULL,NULL),(292,'Roland','JD-990 SuperJD','1993 • Rack • Numérique • 4 oscillateurs • 1 enveloppe • 1 filtre • 2 lfos • 24 voix de polyphonie • Monotimbral • Synthèse: ROM','https://synthetiseur.net/images/pt/roland-jd990.jpg','85%','4 avis','2024-12-17 21:48:06','2024-12-17 21:48:06',NULL,NULL,NULL,NULL),(293,'Roland','GR-1','1992 • Pedal • Numérique • 2 oscillateurs • 1 enveloppe • 1 filtre • 1 lfo • 24 voix de polyphonie • Synthèse: ROM','https://synthetiseur.net/images/pt/roland-gr1.jpg','60%','1 avis','2024-12-17 21:48:06','2024-12-17 21:48:06',NULL,NULL,NULL,NULL),(294,'Roland','JW-50','1992 • Clavier • Numérique • 2 oscillateurs • 1 enveloppe • 1 filtre • 1 lfo • 24 voix de polyphonie • Multitimbral 16 parties • Synthèse: ROM','https://synthetiseur.net/images/pt/roland-jw50.jpg','87%','3 avis','2024-12-17 21:48:06','2024-12-17 21:48:06',NULL,NULL,NULL,NULL),(295,'Roland','SC-155','1992 • Module • Numérique • 1 oscillateur • 24 voix de polyphonie • Multitimbral 16 parties • Synthèse: ROM','https://synthetiseur.net/images/pt/roland-sc155.jpg','80%','1 avis','2024-12-17 21:48:06','2024-12-17 21:48:06',NULL,NULL,NULL,NULL),(296,'Roland','R-8 mkII','1992 • Desktop • Numérique • 32 voix de polyphonie • Multitimbral 16 parties','https://synthetiseur.net/images/pt/roland-r8mk2.jpg','100%','1 avis','2024-12-17 21:48:06','2024-12-17 21:48:06',NULL,NULL,NULL,NULL),(297,'Roland','JV-880','1992 • Module • Numérique • 4 oscillateurs • 1 enveloppe • 1 filtre • 2 lfos • 28 voix de polyphonie • Multitimbral 16 parties • Synthèse: ROM','https://synthetiseur.net/images/pt/roland-jv880.jpg','80%','3 avis','2024-12-17 21:48:06','2024-12-17 21:48:06',NULL,NULL,NULL,NULL),(298,'Roland','JV-80','1992 • Clavier • Numérique • 4 oscillateurs • 2 enveloppes • 1 filtre • 2 lfos • 28 voix de polyphonie • Multitimbral 8 parties • Synthèse: ROM','https://synthetiseur.net/images/pt/roland-jv80.jpg','78%','9 avis','2024-12-17 21:48:06','2024-12-17 21:48:06',NULL,NULL,NULL,NULL),(299,'Roland','JV-30','1992 • Clavier • Numérique • 4 oscillateurs • 1 enveloppe • 1 filtre • 1 lfo • 24 voix de polyphonie • Multitimbral 16 parties • Synthèse: ROM','https://synthetiseur.net/images/pt/roland-jv30.jpg','100%','1 avis','2024-12-17 21:48:06','2024-12-17 21:48:06',NULL,NULL,NULL,NULL),(300,'Roland','SC-55','1991 • Module • Numérique • 1 oscillateur • 24 voix de polyphonie • Multitimbral 16 parties • Synthèse: ROM','https://synthetiseur.net/images/pt/roland-sc55.jpg','87%','6 avis','2024-12-17 21:48:06','2024-12-17 21:48:06',NULL,NULL,NULL,NULL),(301,'Roland','S-750','1991 • Rack • Numérique • 1 enveloppe • 1 filtre • 1 lfo • 24 voix de polyphonie • Multitimbral 16 parties • Synthèse: Echantillonnage','https://synthetiseur.net/images/pt/roland-s750.jpg','100%','1 avis','2024-12-17 21:48:06','2024-12-17 21:48:06',NULL,NULL,NULL,NULL),(302,'Roland','JX-1','1991 • Clavier • Numérique • 2 oscillateurs • 2 enveloppes • 1 filtre • 2 lfos • 24 voix de polyphonie • Multitimbral 16 parties • Synthèse: ROM','https://synthetiseur.net/images/pt/roland-jx1.jpg','50%','2 avis','2024-12-17 21:48:06','2024-12-17 21:48:06',NULL,NULL,NULL,NULL),(303,'Roland','JD-800','1991 • Clavier • Numérique • 3 enveloppes • 1 filtre • 2 lfos • 24 voix de polyphonie • Multitimbral 6 parties • Synthèse: Linear Arithmetic, ROM, Soustractive','https://synthetiseur.net/images/pt/roland-jd800_1.jpg','85%','13 avis','2024-12-17 21:48:06','2024-12-17 21:48:06',NULL,NULL,NULL,NULL),(304,'Roland','R-8M','1990 • Rack • Numérique • 32 voix de polyphonie • Multitimbral 16 parties','https://synthetiseur.net/images/pt/roland-r8m.jpg','80%','1 avis','2024-12-17 21:48:06','2024-12-17 21:48:06',NULL,NULL,NULL,NULL),(305,'Roland','D-70','1990 • Clavier • Numérique • 4 oscillateurs • 1 enveloppe • 1 filtre • 1 lfo • 30 voix de polyphonie • Multitimbral 6 parties • Synthèse: Linear Arithmetic, ROM','https://synthetiseur.net/images/pt/roland-d70.jpg','80%','3 avis','2024-12-17 21:48:06','2024-12-17 21:48:06',NULL,NULL,NULL,NULL),(306,'Roland','D-5','1989 • Clavier • Numérique • 4 oscillateurs • 1 enveloppe • 1 filtre • 1 lfo • 32 voix de polyphonie • Multitimbral 9 parties • Synthèse: Linear Arithmetic, ROM','https://synthetiseur.net/images/pt/roland-d5.jpg','80%','1 avis','2024-12-17 21:48:06','2024-12-17 21:48:06',NULL,NULL,NULL,NULL),(307,'Roland','R-8','1989 • Desktop • Numérique • 32 voix de polyphonie • Multitimbral 16 parties','https://synthetiseur.net/images/pt/roland-r8.jpg','100%','2 avis','2024-12-17 21:48:06','2024-12-17 21:48:06',NULL,NULL,NULL,NULL),(308,'Roland','R-5','1989 • Desktop • Numérique • 32 voix de polyphonie • Multitimbral 16 parties','https://synthetiseur.net/images/pt/roland-r5.jpg','40%','1 avis','2024-12-17 21:48:06','2024-12-17 21:48:06',NULL,NULL,NULL,NULL),(309,'Roland','U-220','1989 • Rack • Numérique • 4 oscillateurs • 1 enveloppe • 1 filtre • 1 lfo • 30 voix de polyphonie • Monotimbral • Synthèse: ROM, Soustractive','https://synthetiseur.net/images/pt/roland-u220_1.jpg','73%','3 avis','2024-12-17 21:48:06','2024-12-17 21:48:06',NULL,NULL,NULL,NULL),(310,'Roland','U-20','1989 • Clavier • Numérique • 4 oscillateurs • 1 enveloppe • 1 filtre • 1 lfo • 30 voix de polyphonie • Multitimbral 7 parties • Synthèse: Linear Arithmetic, ROM','https://synthetiseur.net/images/pt/roland-u20.jpg','80%','4 avis','2024-12-17 21:48:06','2024-12-17 21:48:06',NULL,NULL,NULL,NULL),(311,'Roland','S-770','1989 • Rack • Numérique • 1 enveloppe • 1 filtre • 1 lfo • 24 voix de polyphonie • Multitimbral 16 parties • Synthèse: Echantillonnage','https://synthetiseur.net/images/pt/roland-s770.jpg','95%','4 avis','2024-12-17 21:48:06','2024-12-17 21:48:06',NULL,NULL,NULL,NULL),(312,'Roland','W30','1988 • Clavier • Numérique • 1 lfo • 16 voix de polyphonie • Multitimbral 8 parties • Synthèse: ROM','https://synthetiseur.net/images/pt/roland-w30.jpg','78%','8 avis','2024-12-17 21:48:06','2024-12-17 21:48:06',NULL,NULL,NULL,NULL),(313,'Roland','GR-50','1988 • Rack • Numérique • 4 oscillateurs • 2 enveloppes • 2 filtres • 2 lfos • 32 voix de polyphonie • Multitimbral 3 parties • Synthèse: Linear Arithmetic, ROM','https://synthetiseur.net/images/pt/roland-gr50.jpg','80%','1 avis','2024-12-17 21:48:06','2024-12-17 21:48:06',NULL,NULL,NULL,NULL),(314,'Roland','D-20','1988 • Clavier • Numérique • 4 oscillateurs • 1 enveloppe • 1 filtre • 1 lfo • 32 voix de polyphonie • Multitimbral 9 parties • Synthèse: Linear Arithmetic, ROM','https://synthetiseur.net/images/pt/roland-d20.jpg','80%','4 avis','2024-12-17 21:48:06','2024-12-17 21:48:06',NULL,NULL,NULL,NULL),(315,'Roland','D-110','1988 • Rack • Numérique • 4 oscillateurs • 1 enveloppe • 1 filtre • 1 lfo • 32 voix de polyphonie • Multitimbral 9 parties • Synthèse: ROM','https://synthetiseur.net/images/pt/roland-d110.jpg','85%','8 avis','2024-12-17 21:48:06','2024-12-17 21:48:06',NULL,NULL,NULL,NULL),(316,'Roland','D-10','1988 • Clavier • Numérique • 4 oscillateurs • 1 enveloppe • 1 filtre • 1 lfo • 32 voix de polyphonie • Multitimbral 9 parties • Synthèse: Linear Arithmetic, ROM','https://synthetiseur.net/images/pt/roland-d10.jpg','75%','12 avis','2024-12-17 21:48:06','2024-12-17 21:48:06',NULL,NULL,NULL,NULL),(317,'Roland','TR-626','1987 • Desktop • Numérique • 8 voix de polyphonie • Multitimbral 16 parties','https://synthetiseur.net/images/pt/roland-tr626.jpg','50%','2 avis','2024-12-17 21:48:06','2024-12-17 21:48:06',NULL,NULL,NULL,NULL),(318,'Roland','MT-32','1987 • Desktop • Numérique • 4 oscillateurs • 3 enveloppes • 1 filtre • 1 lfo • 32 voix de polyphonie • Multitimbral 9 parties • Synthèse: Linear Arithmetic, ROM, Soustractive','https://synthetiseur.net/images/pt/roland-mt32.jpg','70%','4 avis','2024-12-17 21:48:06','2024-12-17 21:48:06',NULL,NULL,NULL,NULL),(319,'Roland','MKS-50','1987 • Rack • Analogique • 2 oscillateurs • 1 enveloppe • 1 filtre • 1 lfo • 6 voix de polyphonie • Monotimbral • Synthèse: Soustractive','https://synthetiseur.net/images/pt/roland-mks50.jpg','75%','4 avis','2024-12-17 21:48:06','2024-12-17 21:48:06',NULL,NULL,NULL,NULL),(320,'Roland','D-550','1987 • Rack • Numérique • 4 oscillateurs • 1 enveloppe • 1 filtre • 1 lfo • 16 voix de polyphonie • Monotimbral • Synthèse: Linear Arithmetic, ROM','https://synthetiseur.net/images/pt/roland-d550.jpg','80%','1 avis','2024-12-17 21:48:06','2024-12-17 21:48:06',NULL,NULL,NULL,NULL),(321,'Roland','D-50','1987 • Clavier • Numérique • 4 oscillateurs • 1 enveloppe • 1 filtre • 6 lfos • 16 voix de polyphonie • Monotimbral • Synthèse: Linear Arithmetic, ROM','https://synthetiseur.net/images/pt/roland-d50_1.jpg','89%','13 avis','2024-12-17 21:48:06','2024-12-17 21:48:06',NULL,NULL,NULL,NULL),(322,'Roland','GR-77B','1986 • Pedal • Analogique • 2 oscillateurs • 2 enveloppes • 2 filtres • 1 lfo • 4 voix de polyphonie • Synthèse: Soustractive','https://synthetiseur.net/images/pt/roland-gr77b.jpg','80%','1 avis','2024-12-17 21:48:06','2024-12-17 21:48:06',NULL,NULL,NULL,NULL),(323,'Roland','TR-505','1986 • Desktop • Numérique • 8 voix de polyphonie • Multitimbral 8 parties','https://synthetiseur.net/images/pt/roland-tr505.jpg','88%','5 avis','2024-12-17 21:48:06','2024-12-17 21:48:06',NULL,NULL,NULL,NULL),(324,'Roland','MKS-70','1986 • Rack • Analogique • 2 oscillateurs • 1 enveloppe • 1 filtre • 1 lfo • 12 voix de polyphonie • Monotimbral • Synthèse: Soustractive','https://synthetiseur.net/images/pt/roland-mks70.jpg','60%','1 avis','2024-12-17 21:48:06','2024-12-17 21:48:06',NULL,NULL,NULL,NULL),(325,'Roland','MKS-7 SuperQuartet','1986 • Module • Analogique • 3 oscillateurs • 1 enveloppe • 1 filtre • 1 lfo • 8 voix de polyphonie • Multitimbral 7 parties • Synthèse: ROM, Soustractive','https://synthetiseur.net/images/pt/roland-mks7.jpg','80%','1 avis','2024-12-17 21:48:06','2024-12-17 21:48:06',NULL,NULL,NULL,NULL),(326,'Roland','JX-10 SuperJX','1986 • Clavier • Analogique • 2 oscillateurs • 1 enveloppe • 1 filtre • 1 lfo • 12 voix de polyphonie • Monotimbral • Synthèse: Soustractive','https://synthetiseur.net/images/pt/roland-jx10.jpg','93%','9 avis','2024-12-17 21:48:06','2024-12-17 21:48:06',NULL,NULL,NULL,NULL),(327,'Roland','Alpha Juno 2','1985 • Clavier • Analogique • 1 oscillateur • 1 enveloppe • 1 filtre • 1 lfo • 6 voix de polyphonie • Monotimbral • Synthèse: Soustractive','https://synthetiseur.net/images/pt/roland-alphajuno2_1.jpg','60%','1 avis','2024-12-17 21:48:06','2024-12-17 21:48:06',NULL,NULL,NULL,NULL),(328,'Roland','Alpha Juno 1','1985 • Clavier • Analogique • 1 oscillateur • 1 filtre • 1 lfo • 6 voix de polyphonie • Monotimbral • Synthèse: Soustractive','https://synthetiseur.net/images/pt/roland-alphajuno1_1.jpg','80%','2 avis','2024-12-17 21:48:06','2024-12-17 21:48:06',NULL,NULL,NULL,NULL),(329,'Roland','DDR-30','1985 • Rack • Numérique • 8 oscillateurs • 1 enveloppe • 6 voix de polyphonie • Multitimbral 6 parties • Synthèse: ROM','https://synthetiseur.net/images/pt/roland-ddr30.jpg','100%','1 avis','2024-12-17 21:48:06','2024-12-17 21:48:06',NULL,NULL,NULL,NULL),(330,'Roland','TR-727','1985 • Desktop • Numérique • 15 voix de polyphonie • Multitimbral 15 parties','https://synthetiseur.net/images/pt/roland-tr727.jpg','70%','2 avis','2024-12-17 21:48:06','2024-12-17 21:48:06',NULL,NULL,NULL,NULL),(331,'Roland','JX-8P','1985 • Clavier • Analogique, Numérique • 2 oscillateurs • 1 enveloppe • 1 filtre • 1 lfo • 6 voix de polyphonie • Monotimbral • Synthèse: Soustractive','https://synthetiseur.net/images/pt/roland-jx8p.jpg','87%','11 avis','2024-12-17 21:48:06','2024-12-17 21:48:06',NULL,NULL,NULL,NULL),(332,'Roland','Juno-106S','1984 • Clavier • Analogique, Numérique • 1 oscillateur • 1 enveloppe • 1 filtre • 1 lfo • 6 voix de polyphonie • Monotimbral • Synthèse: Soustractive','https://synthetiseur.net/images/pt/roland-juno106s.jpg','60%','1 avis','2024-12-17 21:48:06','2024-12-17 21:48:06',NULL,NULL,NULL,NULL),(333,'Roland','GR-700','1984 • Pedal • Analogique • 2 oscillateurs • 1 enveloppe • 1 filtre • 1 lfo • 6 voix de polyphonie • Synthèse: Soustractive','https://synthetiseur.net/images/pt/roland-gr700.jpg','80%','1 avis','2024-12-17 21:48:06','2024-12-17 21:48:06',NULL,NULL,NULL,NULL),(334,'Roland','TR-909','1984 • Desktop • Analogique, Numérique • 12 voix de polyphonie • Multitimbral 12 parties','https://synthetiseur.net/images/pt/roland-tr909.jpg','70%','4 avis','2024-12-17 21:48:06','2024-12-17 21:48:06',NULL,NULL,NULL,NULL),(335,'Roland','TR-707','1984 • Desktop • Numérique • 15 voix de polyphonie • Multitimbral 15 parties','https://synthetiseur.net/images/pt/roland-tr707.jpg','90%','8 avis','2024-12-17 21:48:06','2024-12-17 21:48:06',NULL,NULL,NULL,NULL),(336,'Roland','MKS-80 SuperJupiter','1984 • Module • Analogique • 2 oscillateurs • 2 enveloppes • 1 filtre • 1 lfo • 8 voix de polyphonie • Monotimbral • Synthèse: Soustractive','https://synthetiseur.net/images/pt/roland-mks80_1.jpg','60%','1 avis','2024-12-17 21:48:06','2024-12-17 21:48:06',NULL,NULL,NULL,NULL),(337,'Roland','MKS-30 Planet-S','1984 • Desktop, Rack • Analogique • 2 oscillateurs • 1 enveloppe • 6 voix de polyphonie • Monotimbral • Synthèse: Soustractive','https://synthetiseur.net/images/pt/roland-mks30.jpg','93%','3 avis','2024-12-17 21:48:06','2024-12-17 21:48:06',NULL,NULL,NULL,NULL),(338,'Roland','Juno-106','1984 • Clavier • Analogique, Numérique • 1 oscillateur • 1 enveloppe • 1 filtre • 1 lfo • 6 voix de polyphonie • Monotimbral • Synthèse: Soustractive','https://synthetiseur.net/images/pt/roland-juno106_1.jpg','80%','13 avis','2024-12-17 21:48:06','2024-12-17 21:48:06',NULL,NULL,NULL,NULL),(339,'Roland','MC-202','1983 • Desktop • Analogique • 1 oscillateur • 1 enveloppe • 1 filtre • 1 lfo • Monophonique • Synthèse: Soustractive','https://synthetiseur.net/images/pt/roland-mc202.jpg','80%','1 avis','2024-12-17 21:48:06','2024-12-17 21:48:06',NULL,NULL,NULL,NULL),(340,'Roland','JX-3P','1983 • Clavier • Numérique • 2 oscillateurs • 1 filtre • 1 lfo • 6 voix de polyphonie • Monotimbral • Synthèse: Soustractive, SuperSaw','https://synthetiseur.net/images/pt/roland-jx3p_1.jpg','88%','5 avis','2024-12-17 21:48:06','2024-12-17 21:48:06',NULL,NULL,NULL,NULL),(341,'Roland','Jupiter 6','1983 • Clavier • Analogique • 2 oscillateurs • 6 voix de polyphonie • Monotimbral • Synthèse: Soustractive','https://synthetiseur.net/images/pt/roland-jupiter6.jpg','93%','6 avis','2024-12-17 21:48:06','2024-12-17 21:48:06',NULL,NULL,NULL,NULL),(342,'Roland','Juno-60','1983 • Clavier • Analogique • 2 oscillateurs • 6 voix de polyphonie • Monotimbral • Synthèse: Soustractive','https://synthetiseur.net/images/pt/roland-juno60.jpg','100%','3 avis','2024-12-17 21:48:06','2024-12-17 21:48:06',NULL,NULL,NULL,NULL),(343,'Roland','GR-33B','1982 • Pedal • Analogique • 2 oscillateurs • 1 enveloppe • 1 filtre • 1 lfo • 4 voix de polyphonie • Synthèse: Soustractive','https://synthetiseur.net/images/pt/roland-gr33b.jpg','80%','1 avis','2024-12-17 21:48:06','2024-12-17 21:48:06',NULL,NULL,NULL,NULL),(344,'Roland','TR-606','1982 • Desktop • Analogique • 7 voix de polyphonie • Multitimbral 7 parties','https://synthetiseur.net/images/pt/roland-tr606_1.jpg','68%','5 avis','2024-12-17 21:48:06','2024-12-17 21:48:06',NULL,NULL,NULL,NULL),(345,'Roland','TB-303','1982 • Desktop • Analogique • 1 oscillateur • 1 enveloppe • 1 filtre • Monophonique • Synthèse: Soustractive','https://synthetiseur.net/images/pt/roland-tb303.jpg','87%','9 avis','2024-12-17 21:48:06','2024-12-17 21:48:06',NULL,NULL,NULL,NULL),(346,'Roland','SH-101','1982 • Clavier • Analogique • 1 oscillateur • 1 enveloppe • 1 filtre • 1 lfo • Monophonique • Monotimbral • Synthèse: Soustractive','https://synthetiseur.net/images/pt/roland-sh101.jpg','69%','15 avis','2024-12-17 21:48:06','2024-12-17 21:48:06',NULL,NULL,NULL,NULL),(347,'Roland','Juno-6','1982 • Clavier • Analogique • 2 oscillateurs • 6 voix de polyphonie • Monotimbral • Synthèse: Soustractive','https://synthetiseur.net/images/pt/roland-juno6_1.jpg','100%','3 avis','2024-12-17 21:48:06','2024-12-17 21:48:06',NULL,NULL,NULL,NULL),(348,'Roland','Jupiter 8','1981 • Clavier • Analogique • 2 oscillateurs • 1 enveloppe • 2 filtres • 1 lfo • 8 voix de polyphonie • Multitimbral 2 parties • Synthèse: Soustractive','https://synthetiseur.net/images/pt/roland-jupiter8_1.jpg','90%','8 avis','2024-12-17 21:48:06','2024-12-17 21:48:06',NULL,NULL,NULL,NULL),(349,'Roland','CR-8000','1981 • Desktop • Analogique • 13 voix de polyphonie • Multitimbral 13 parties','https://synthetiseur.net/images/pt/roland-cr8000.jpg','100%','2 avis','2024-12-17 21:48:06','2024-12-17 21:48:06',NULL,NULL,NULL,NULL),(350,'Roland','SVC-350 Vocoder','1980 • Rack • Analogique • 3 oscillateurs • 49 voix de polyphonie • Multitimbral 2 parties • Synthèse: Analog Vocoding','https://synthetiseur.net/images/pt/roland-svc350.jpg',NULL,NULL,'2024-12-17 21:48:06','2024-12-17 21:48:06',NULL,NULL,NULL,NULL),(351,'Roland','GR-300','1980 • Pedal • Analogique • 2 oscillateurs • 1 enveloppe • 1 filtre • 1 lfo • 6 voix de polyphonie • Synthèse: Soustractive','https://synthetiseur.net/images/pt/roland-gr300.jpg','40%','1 avis','2024-12-17 21:48:06','2024-12-17 21:48:06',NULL,NULL,NULL,NULL),(352,'Roland','TR-808','1980 • Desktop • Numérique • 12 voix de polyphonie • Multitimbral 12 parties','https://synthetiseur.net/images/pt/roland-tr808.jpg','90%','2 avis','2024-12-17 21:48:06','2024-12-17 21:48:06',NULL,NULL,NULL,NULL),(353,'Roland','SH-09','1980 • Clavier • Analogique • 2 oscillateurs • Monophonique • Monotimbral • Synthèse: Soustractive','https://synthetiseur.net/images/pt/roland-sh09_1.jpg','70%','2 avis','2024-12-17 21:48:06','2024-12-17 21:48:06',NULL,NULL,NULL,NULL),(354,'Roland','Saturn 09','1980 • Clavier • Analogique • 1 oscillateur • 1 enveloppe • 4 voix de polyphonie • Synthèse: Soustractive','https://synthetiseur.net/images/pt/roland-saturn09.jpg','80%','2 avis','2024-12-17 21:48:06','2024-12-17 21:48:06',NULL,NULL,NULL,NULL),(355,'Roland','System 100m','1979 • Clavier, Module • Analogique • 0 oscillateur • 0 voix de polyphonie • Multitimbral 0 parties • Synthèse: Soustractive','https://synthetiseur.net/images/pt/roland-system100m.jpg','100%','1 avis','2024-12-17 21:48:06','2024-12-17 21:48:06',NULL,NULL,NULL,NULL),(356,'Roland','VP-330 Vocoder Plus','1979 • Clavier • Analogique • 3 oscillateurs • 49 voix de polyphonie • Multitimbral 2 parties • Synthèse: Analog Vocoding','https://synthetiseur.net/images/pt/roland-vp330.jpg','80%','1 avis','2024-12-17 21:48:06','2024-12-17 21:48:06',NULL,NULL,NULL,NULL),(357,'Roland','SPV-355','1979 • Rack • Analogique • 1 oscillateur • 1 enveloppe • 1 filtre • Monophonique • Synthèse: Soustractive','https://synthetiseur.net/images/pt/roland-spv355.jpg','100%','1 avis','2024-12-17 21:48:06','2024-12-17 21:48:06',NULL,NULL,NULL,NULL),(358,'Roland','RS-09','1979 • Clavier • Analogique • 1 oscillateur • 4 voix de polyphonie • Synthèse: Soustractive','https://synthetiseur.net/images/pt/roland-rs09.jpg','80%','2 avis','2024-12-17 21:48:06','2024-12-17 21:48:06',NULL,NULL,NULL,NULL),(359,'Roland','ProMars','1979 • Clavier • Analogique • 2 oscillateurs • 2 enveloppes • 1 filtre • 1 lfo • Monophonique • Monotimbral • Synthèse: Soustractive','https://synthetiseur.net/images/pt/roland-promars.jpg','73%','3 avis','2024-12-17 21:48:06','2024-12-17 21:48:06',NULL,NULL,NULL,NULL),(360,'Roland','RS-505 Paraphonic','1978 • Clavier • Analogique • 1 oscillateur • 1 enveloppe • 1 filtre • 5 voix de polyphonie • Multitimbral 3 parties • Synthèse: Soustractive','https://synthetiseur.net/images/pt/roland-rs505.jpg','100%','1 avis','2024-12-17 21:48:06','2024-12-17 21:48:06',NULL,NULL,NULL,NULL),(361,'Roland','CR-68','1978 • Desktop • Analogique • 9 voix de polyphonie • Multitimbral 9 parties','https://synthetiseur.net/images/pt/roland-cr68.jpg','80%','1 avis','2024-12-17 21:48:06','2024-12-17 21:48:06',NULL,NULL,NULL,NULL),(362,'Roland','SH-7','1978 • Clavier • Analogique • 2 oscillateurs • 2 enveloppes • 1 filtre • 1 lfo • 2 voix de polyphonie • Monotimbral • Synthèse: Soustractive','https://synthetiseur.net/images/pt/roland-sh7.jpg','80%','2 avis','2024-12-17 21:48:06','2024-12-17 21:48:06',NULL,NULL,NULL,NULL),(363,'Roland','SH-2','1978 • Clavier • Analogique • 2 oscillateurs • 2 enveloppes • 1 lfo • Monophonique • Synthèse: Soustractive','https://synthetiseur.net/images/pt/roland-sh2.jpg','90%','2 avis','2024-12-17 21:48:06','2024-12-17 21:48:06',NULL,NULL,NULL,NULL),(364,'Roland','SH-1','1978 • Clavier • Analogique • 1 oscillateur • 2 enveloppes • 2 filtres • 1 lfo • Monophonique • Monotimbral • Synthèse: Soustractive','https://synthetiseur.net/images/pt/roland-sh1.jpg','93%','3 avis','2024-12-17 21:48:06','2024-12-17 21:48:06',NULL,NULL,NULL,NULL),(365,'Roland','Jupiter 4','1978 • Clavier • Analogique • 1 oscillateur • 2 enveloppes • 2 filtres • 1 lfo • 4 voix de polyphonie • Monotimbral • Synthèse: Soustractive','https://synthetiseur.net/images/pt/roland-jupiter4.jpg','85%','4 avis','2024-12-17 21:48:06','2024-12-17 21:48:06',NULL,NULL,NULL,NULL),(366,'Roland','CR-78','1978 • Desktop • Analogique • 14 voix de polyphonie • Multitimbral 14 parties','https://synthetiseur.net/images/pt/roland-cr78.jpg','87%','3 avis','2024-12-17 21:48:06','2024-12-17 21:48:06',NULL,NULL,NULL,NULL),(367,'Roland','GR-500','1977 • Module • Analogique • 1 oscillateur • 1 enveloppe • 1 filtre • 1 lfo • 6 voix de polyphonie • Multitimbral 5 parties • Synthèse: Soustractive','https://synthetiseur.net/images/pt/roland-gr500.jpg','80%','1 avis','2024-12-17 21:48:06','2024-12-17 21:48:06',NULL,NULL,NULL,NULL),(368,'Roland','System 700','1976 • Desktop, Clavier, Module • Analogique • 3 oscillateurs • 2 enveloppes • 2 filtres • 2 lfos • Monophonique • Monotimbral • Synthèse: Soustractive','https://synthetiseur.net/images/pt/roland-system700.jpg','80%','1 avis','2024-12-17 21:48:06','2024-12-17 21:48:06',NULL,NULL,NULL,NULL),(369,'Roland','SH-5','1976 • Clavier • Analogique • 2 oscillateurs • 2 enveloppes • 2 filtres • 1 lfo • Monophonique • Monotimbral • Synthèse: Soustractive','https://synthetiseur.net/images/pt/roland-sh5.jpg','100%','1 avis','2024-12-17 21:48:06','2024-12-17 21:48:06',NULL,NULL,NULL,NULL),(370,'Roland','RS-202 Strings','1976 • Clavier • Analogique • 2 oscillateurs • 1 enveloppe • 61 voix de polyphonie • Synthèse: Divide-Down','https://synthetiseur.net/images/pt/roland-rs202.jpg','80%','1 avis','2024-12-17 21:48:06','2024-12-17 21:48:06',NULL,NULL,NULL,NULL),(371,'Roland','RS-101','1975 • Clavier • Analogique • 2 oscillateurs • 1 enveloppe • 1 filtre • 61 voix de polyphonie • Synthèse: Divide-Down','https://synthetiseur.net/images/pt/roland-rs101.jpg','80%','1 avis','2024-12-17 21:48:06','2024-12-17 21:48:06',NULL,NULL,NULL,NULL),(372,'Roland','System 100','1975 • Clavier • Analogique • 2 oscillateurs • Monophonique • Monotimbral • Synthèse: Soustractive','https://synthetiseur.net/images/pt/roland-system100_1.jpg','100%','1 avis','2024-12-17 21:48:06','2024-12-17 21:48:06',NULL,NULL,NULL,NULL),(373,'Roland','SH-3A','1974 • Clavier • Analogique • 1 oscillateur • 1 enveloppe • 1 filtre • 1 lfo • Monophonique • Monotimbral • Synthèse: Additive, Soustractive','https://synthetiseur.net/images/pt/roland-sh3a.jpg','80%','1 avis','2024-12-17 21:48:06','2024-12-17 21:48:06',NULL,NULL,NULL,NULL),(374,'Roland','SH-1000','1973 • Clavier • Analogique • 1 oscillateur • 1 enveloppe • 1 filtre • Monophonique • Monotimbral • Synthèse: Soustractive','https://synthetiseur.net/images/pt/roland-sh1000_1.jpg','80%','1 avis','2024-12-17 21:48:06','2024-12-17 21:48:06',NULL,NULL,NULL,NULL),(375,'Roland','TR-66','1973 • Desktop • Analogique • 13 voix de polyphonie • Multitimbral 13 parties','https://synthetiseur.net/images/pt/roland-tr66.jpg','60%','1 avis','2024-12-17 21:48:06','2024-12-17 21:48:06',NULL,NULL,NULL,NULL),(376,'Roland','SH-2000','1973 • Clavier • Analogique • 1 oscillateur • 1 enveloppe • 1 filtre • Monophonique • Monotimbral • Synthèse: Soustractive','https://synthetiseur.net/images/pt/roland-sh2000_1.jpg','80%','1 avis','2024-12-17 21:48:06','2024-12-17 21:48:06',NULL,NULL,NULL,NULL),(377,'Kawai','K5000W','1996 • Clavier • Numérique • 6 oscillateurs • 5 enveloppes • 3 filtres • 4 lfos • 32 voix de polyphonie • Multitimbral 32 parties • Synthèse: Additive, ROM, Soustractive','https://synthetiseur.net/images/pt/kawai-k5000w_1.jpg','80%','1 avis','2024-12-17 21:48:06','2024-12-23 11:55:07',NULL,NULL,NULL,NULL),(378,'Kawai','K5000S','1996 • Clavier • Numérique • 6 oscillateurs • 5 enveloppes • 3 filtres • 4 lfos • 32 voix de polyphonie • Multitimbral 4 parties • Synthèse: Additive, ROM','https://synthetiseur.net/images/pt/kawai-k5000s.jpg','100%','1 avis','2024-12-17 21:48:06','2024-12-22 21:19:22',NULL,NULL,NULL,NULL),(379,'Kawai','K5000R','1996 • Rack • Numérique • 6 oscillateurs • 5 enveloppes • 3 filtres • 4 lfos • 32 voix de polyphonie • Multitimbral 4 parties • Synthèse: Additive, ROM, Soustractive','https://synthetiseur.net/images/pt/kawai-k5000r.jpg','100%','1 avis','2024-12-17 21:48:06','2025-01-13 10:13:12',NULL,NULL,NULL,'{\"value\":200,\"currency\":\"EUR\"}'),(380,'Kawai','KC20','1993 • Clavier • Numérique • 2 oscillateurs • 2 enveloppes • 1 lfo • 20 voix de polyphonie • Multitimbral 16 parties • Synthèse: ROM','https://synthetiseur.net/images/pt/kawai-kc20.jpg','60%','1 avis','2024-12-17 21:48:06','2024-12-22 13:29:56',NULL,NULL,NULL,NULL),(382,'Kawai','KC10 Spectra','1990 • Clavier • Numérique • 2 oscillateurs • 2 enveloppes • 1 lfo • 10 voix de polyphonie • Multitimbral 4 parties • Synthèse: ROM','https://synthetiseur.net/images/pt/kawai-kc10.jpg','80%','1 avis','2024-12-17 21:48:06','2024-12-17 21:48:06',NULL,NULL,NULL,NULL),(383,'Kawai','XD5','1989 • Rack • Numérique • 4 oscillateurs • 4 enveloppes • 1 filtre • 1 lfo • Synthèse: ROM, Synthèse Vectorielle','https://synthetiseur.net/images/pt/kawai-xd5.jpg','80%','2 avis','2024-12-17 21:48:06','2024-12-17 21:48:06',NULL,NULL,NULL,NULL),(384,'Kawai','K4R','1989 • Rack • Numérique • 4 oscillateurs • 4 enveloppes • 2 filtres • 1 lfo • 17 voix de polyphonie • Multitimbral 9 parties • Synthèse: ROM, Synthèse Vectorielle','https://synthetiseur.net/images/pt/kawai-k4r.jpg','40%','1 avis','2024-12-17 21:48:06','2025-01-11 15:51:39',NULL,NULL,NULL,'{\"value\":200,\"currency\":\"EUR\"}'),(391,'Kawai','R-100','1987 • Desktop • Numérique • 8 voix de polyphonie • Multitimbral 8 parties • Synthèse: ROM','https://synthetiseur.net/images/pt/kawai-r100_1.jpg',NULL,NULL,'2024-12-17 21:48:06','2024-12-17 21:48:06',NULL,NULL,NULL,NULL),(392,'Kawai','K5M','1987 • Desktop, Rack • Numérique • 2 oscillateurs • 4 enveloppes • 2 filtres • 1 lfo • 16 voix de polyphonie • Multitimbral 15 parties • Synthèse: Additive, Soustractive','https://synthetiseur.net/images/pt/kawai-k5m.jpg','80%','1 avis','2024-12-17 21:48:06','2024-12-24 13:29:10',NULL,NULL,NULL,NULL),(393,'Kawai','K5','1987 • Clavier • Analogique • 2 oscillateurs • 4 enveloppes • 2 filtres • 1 lfo • 16 voix de polyphonie • Multitimbral 15 parties • Synthèse: Additive','https://synthetiseur.net/images/pt/kawai-k5.jpg','80%','2 avis','2024-12-17 21:48:06','2025-01-13 10:23:06',NULL,NULL,NULL,'{\"value\":50,\"currency\":\"EUR\"}'),(396,'Kawai','SX210','1984 • Clavier • Analogique, Numérique • 2 oscillateurs • 2 enveloppes • 2 filtres • 1 lfo • 8 voix de polyphonie • Monotimbral • Synthèse: Soustractive','https://synthetiseur.net/images/pt/kawai-sx210_1.jpg','93%','3 avis','2024-12-17 21:48:06','2024-12-17 21:48:06',NULL,NULL,NULL,NULL),(397,'Kawai','SX240','1984 • Clavier • Analogique, Numérique • 2 oscillateurs • 2 enveloppes • 1 filtre • 1 lfo • 8 voix de polyphonie • Monotimbral • Synthèse: Soustractive','https://synthetiseur.net/images/pt/kawai-sx240_1.jpg','80%','1 avis','2024-12-17 21:48:06','2024-12-17 21:48:06',NULL,NULL,NULL,NULL);
/*!40000 ALTER TABLE `synthetisers` ENABLE KEYS */;
UNLOCK TABLES;

--
-- Table structure for table `users`
--

DROP TABLE IF EXISTS `users`;
/*!40101 SET @saved_cs_client     = @@character_set_client */;
/*!50503 SET character_set_client = utf8mb4 */;
CREATE TABLE `users` (
  `id` int NOT NULL AUTO_INCREMENT,
  `roleId` int NOT NULL,
  `username` varchar(255) NOT NULL,
  `first_name` varchar(255) DEFAULT NULL,
  `last_name` varchar(255) DEFAULT NULL,
  `email` varchar(255) NOT NULL,
  `password` varchar(255) NOT NULL,
  `has_instrument` tinyint(1) NOT NULL DEFAULT '0',
  `age` int DEFAULT NULL,
  `createdAt` datetime NOT NULL,
  `updatedAt` datetime NOT NULL,
  PRIMARY KEY (`id`),
  UNIQUE KEY `email` (`email`),
  UNIQUE KEY `email_2` (`email`),
  UNIQUE KEY `email_3` (`email`),
  UNIQUE KEY `email_4` (`email`),
  UNIQUE KEY `email_5` (`email`),
  KEY `roleId` (`roleId`)
) ENGINE=InnoDB AUTO_INCREMENT=70 DEFAULT CHARSET=utf8mb4 COLLATE=utf8mb4_0900_ai_ci;
/*!40101 SET character_set_client = @saved_cs_client */;

--
-- Dumping data for table `users`
--

LOCK TABLES `users` WRITE;
/*!40000 ALTER TABLE `users` DISABLE KEYS */;
INSERT INTO `users` VALUES (18,2,'mymy','Admin','System','online@indexof.fr','$2b$10$qaKeN6.GCVLYdFhOlLZ0U.ZAfUCKfBnmxJF4iOApwCeraqBfPloxS',0,0,'2024-12-18 12:28:47','2024-12-18 12:28:47'),(32,2,'owner',NULL,NULL,'owner@free.fr','$2b$10$0Hqk7sOXQRS/K6Qo4SobCedn.dEcrDIov8/AQJuGGbumaJFqFrtSa',1,NULL,'2024-12-28 11:01:25','2024-12-28 11:01:25'),(33,1,'USER',NULL,NULL,'user@free.fr','$2b$10$KxFwy9lWGjM89oL7GPvbpO7v7cmi3gTflQl7c7oJhBs52.07qG3sS',0,NULL,'2024-12-28 12:08:23','2024-12-28 12:08:23'),(52,5,'tech20',NULL,NULL,'tech20@free.fr','$2b$10$rD.As7ADKO7/iaQwN5EKNek4gtrayeTetsj7Xf5DbwRr.o/ykeCOm',1,NULL,'2025-01-20 09:49:37','2025-01-20 09:49:37'),(53,5,'tech21',NULL,NULL,'tech21@free.fr','$2b$10$MfjYivisJ6nvkPkZJJOkHOZjH.PjD.X4vA8IJSNuKA.pqQYbKEr9a',1,NULL,'2025-01-20 09:53:24','2025-01-20 09:53:24'),(54,5,'tech22',NULL,NULL,'tech22@free.fr','$2b$10$1957.vw022L.KRiIATz/zubXS4ZMF6wxLaNFluzDjKFnkhQWJ3fkG',1,NULL,'2025-01-20 16:38:21','2025-01-20 16:38:21'),(55,5,'tech23',NULL,NULL,'tech23@free.fr','$2b$10$moOrp1SWJWJH9mOEFdYBVO1CwdK3qw/o1meMW8n/OIyb3KjKQUzje',1,NULL,'2025-01-20 20:47:21','2025-01-20 20:47:21'),(56,1,'tech100',NULL,NULL,'tech100@free.fr','$2b$10$UE2B9JacSMwmPjy50OuivevEyCI3f/8sFdkiWL4NEj.OtVz8QxmHe',0,NULL,'2025-01-23 18:52:49','2025-01-23 18:52:49'),(57,1,'tech200',NULL,NULL,'tech200@free.fr','$2b$10$ZKS3mG1Dx3h4NYIybfVwiesKxiC4ZPGoDgMmaNrUBtf9TKHeLebaG',0,NULL,'2025-01-24 07:37:05','2025-01-24 07:37:05'),(58,5,'tech300',NULL,NULL,'tech300@free.fr','$2b$10$JinJFL17.VyL.RubVFNUAOTfU.476Ma/gu4o6gTXn6Ky945Swm6i6',1,NULL,'2025-01-24 08:26:42','2025-01-24 08:26:42'),(59,1,'admin100',NULL,NULL,'admin100@free.fr','$2b$10$.58FALXW/er1vnoT.PFXfuffzaecmkvtn7xsGUItXJIy0sO/OzLlS',0,NULL,'2025-01-24 16:07:29','2025-01-24 16:07:29'),(60,1,'admin00',NULL,NULL,'admin01@free.fr','$2b$10$cSSUFmeXEpw5AYGO4ky94.UnqrkA.yi9dPeAGFzCNVDMcaniuyaly',0,NULL,'2025-01-24 16:17:37','2025-01-24 16:17:37'),(61,5,'admin02',NULL,NULL,'admin02@free.fr','$2b$10$x1X/9f7Ond.EiVSuEA.gAOEIkckiaHvmJN6omPh1HB8oxGPr3l5Re',1,NULL,'2025-01-24 16:23:40','2025-01-24 16:23:40'),(62,1,'creator',NULL,NULL,'creator@free.fr','$2b$10$NZPDBq0ZLWlpZIGMj9lQwuGHvUD6gDdWKI7x6jzhj7G/QqH/AqdD2',0,NULL,'2025-01-25 07:26:30','2025-01-25 07:26:30'),(63,1,'standard',NULL,NULL,'standard@cv.fr','$2b$10$wOD33Ebm0O9JJ2n.U53ZaeL/9badgArZ8666nd2U86mN.ojqYxuxa',0,NULL,'2025-01-25 08:17:42','2025-01-25 08:17:42'),(64,1,'creator01',NULL,NULL,'creator01@cv.fr','$2b$10$SpFbQgq7Py.3cgaLgQyO2e6Lc7y1lpV7xqWUEhcM0RVNyHtRB/CO.',0,NULL,'2025-01-26 08:54:59','2025-01-26 08:54:59'),(65,1,'crea',NULL,NULL,'crea@cv.fr','$2b$10$jaXKMuuBFdEtXEpDr.Gpr.86mgfLxKICR/8m8rHASVaumdxyo.l1S',0,NULL,'2025-01-26 09:10:00','2025-01-26 09:10:00'),(66,1,'creator02',NULL,NULL,'creator02@cv.fr','$2b$10$nq8QgaWwCzNzZvdwNWXpBOQo8YtjBd8LHmoEtg./tl9ilHhDkvlte',0,NULL,'2025-01-26 09:27:25','2025-01-26 09:27:25'),(67,4,'creator05',NULL,NULL,'creator05@cv.fr','$2b$10$RqFxoUIDWdiPapgaXfeWo.G7MOtOI7Yxu0ht0TtGgs9L8KGKGZNJm',0,NULL,'2025-01-26 09:35:23','2025-01-26 09:35:23'),(68,5,'total',NULL,NULL,'total@cv.fr','$2b$10$59dRPbjMbdm7YPu1uedq3e0y80dLTu7xY2Vu6DLpmGhUjhqJGkYOK',1,NULL,'2025-01-26 09:43:14','2025-01-26 09:43:14'),(69,2,'kiki',NULL,NULL,'kiki@free.fr','$2b$10$jEgjEVDa6CJX1DYQS3zryeg2Na7YRX1tgdajc9j7j9TBtXPqjJqcC',0,NULL,'2025-01-26 11:33:23','2025-01-26 11:33:23');
/*!40000 ALTER TABLE `users` ENABLE KEYS */;
UNLOCK TABLES;

--
-- Final view structure for view `role et permission`
--

/*!50001 DROP VIEW IF EXISTS `role et permission`*/;
/*!50001 SET @saved_cs_client          = @@character_set_client */;
/*!50001 SET @saved_cs_results         = @@character_set_results */;
/*!50001 SET @saved_col_connection     = @@collation_connection */;
/*!50001 SET character_set_client      = utf8mb4 */;
/*!50001 SET character_set_results     = utf8mb4 */;
/*!50001 SET collation_connection      = utf8mb4_unicode_ci */;
/*!50001 CREATE ALGORITHM=UNDEFINED */
/*!50013 DEFINER=`root`@`localhost` SQL SECURITY DEFINER */
/*!50001 VIEW `role et permission` AS select `r`.`name` AS `role_name`,group_concat(`p`.`name` separator ',') AS `permissions` from ((`roles` `r` left join `rolepermission` `rp` on((`r`.`id` = `rp`.`roleId`))) left join `permissions` `p` on((`rp`.`permissionId` = `p`.`id`))) group by `r`.`name` order by `r`.`name` */;
/*!50001 SET character_set_client      = @saved_cs_client */;
/*!50001 SET character_set_results     = @saved_cs_results */;
/*!50001 SET collation_connection      = @saved_col_connection */;
/*!40103 SET TIME_ZONE=@OLD_TIME_ZONE */;

/*!40101 SET SQL_MODE=@OLD_SQL_MODE */;
/*!40014 SET FOREIGN_KEY_CHECKS=@OLD_FOREIGN_KEY_CHECKS */;
/*!40014 SET UNIQUE_CHECKS=@OLD_UNIQUE_CHECKS */;
/*!40101 SET CHARACTER_SET_CLIENT=@OLD_CHARACTER_SET_CLIENT */;
/*!40101 SET CHARACTER_SET_RESULTS=@OLD_CHARACTER_SET_RESULTS */;
/*!40101 SET COLLATION_CONNECTION=@OLD_COLLATION_CONNECTION */;
/*!40111 SET SQL_NOTES=@OLD_SQL_NOTES */;

-- Dump completed on 2025-08-25 21:16:58
